object_id,y,x,green_id,red_id,status,area,green_peak,red_peak,sample,ebfp_roi_pixels,ebfp_sum,ebfp_mean,ebfp_nonzero_pixels,ebfp_bg_mean,ebfp_bg_sd,ebfp_bg_q99,ebfp_shift_locations,ebfp_p,ebfp_enrichment,ebfp_q_pooled,ebfp_q_sample,ebfp_detected
1,11.379506503486802,172.88035875911612,1,0,live_only,134,221.4219882972983,0.0,S5,172,575.0,3.3430232558139537,29,0.22035050848590698,0.14079061352304942,0.5930232558139535,5566,0.00017962996227770793,15.171388887572112,0.0006489695294545604,0.0006146712771690318,True
2,38.65179963684621,87.22309939730592,2,4,double_positive,60,51.91813878082648,16.726794728215555,S5,87,0.0,0.0,0,0.20887265488735246,0.2022817707767151,0.7816091954022989,9516,1.0,0.0,1.0,1.0,False
3,40.25478417352608,445.6795760433432,3,0,live_only,31,12.953160586015098,0.0,S5,53,34.0,0.6415094339622641,2,0.3011296357445269,0.364495846459135,1.5283018867924525,8971,0.221020954079358,2.1303430742582554,0.4020535447979346,0.40675284826369246,False
4,46.49191940106542,584.4436235337132,4,0,live_only,76,12.563843000295284,0.0,S5,114,34.0,0.2982456140350877,2,0.2762630365162507,0.23014533424598152,1.043859649122807,9395,0.5289484887186037,1.0795711862000905,0.7537558711138902,0.7528916885623222,False
5,47.16582789824954,351.89677082250137,5,0,live_only,80,36.475172575361285,0.0,S5,113,254.0,2.247787610619469,14,0.27711367485726934,0.23845713128019141,1.212389380530974,10314,0.0004847309743092584,8.111427961024365,0.0016287463048681556,0.0015844191548317552,True
6,64.24839449153376,552.5034062248146,6,0,live_only,99,41.524211950892784,0.0,S5,133,203.0,1.5263157894736843,11,0.27399276143425016,0.20359499327522862,1.0075187969924815,10142,9.859016070196194e-05,5.570642747947023,0.0005396503631509923,0.0004684491978609626,True
7,67.7253730581391,419.8074288106722,7,0,live_only,79,18.97647533376753,0.0,S5,122,51.0,0.4180327868852459,3,0.27188860903676865,0.22757986766768823,1.1229508196721314,10017,0.29806348572569374,1.5375148976127704,0.5113602393997683,0.526418575596185,False
8,70.79635410666094,580.6138276014229,8,0,live_only,85,140.76491610379264,0.0,S5,117,68.0,0.5811965811965812,4,0.26188227655712787,0.21405339856850433,1.017094017094017,10426,0.1040567756785269,2.2193047534081485,0.21980722810268633,0.22124693081162516,False
9,66.86809131556875,151.3906403055397,9,6,double_positive,39,10.377952596570056,9.785089169551656,S5,66,17.0,0.25757575757575757,1,0.23651843554712518,0.24691456294986255,1.03030303030303,11119,0.6035971223021582,1.0890303623898139,0.8087453177953504,0.8159738875566213,False
10,72.32344612097438,688.1479323024611,10,0,live_only,112,74.16319564432855,0.0,S5,148,237.0,1.6013513513513513,12,0.22220510645874725,0.1633513395304373,0.6891891891891891,11536,8.667764583513912e-05,7.206636142939608,0.0005396503631509923,0.0004684491978609626,True
11,86.063156202371,481.37306837951553,11,0,live_only,77,55.24677477633943,0.0,S5,106,237.0,2.2358490566037736,13,0.25594809937475793,0.22694222985073137,1.0560377358489415,10230,9.77421561919656e-05,8.735556396260066,0.0005396503631509923,0.0004684491978609626,True
12,87.73756341792696,11.103515249897129,12,10,double_positive,88,37.49975262415089,4.27058196120017,S5,123,0.0,0.0,0,0.21270086874049737,0.17579560225922408,0.6910569105691057,6652,1.0,0.0,1.0,1.0,False
13,93.3664779821675,429.81348906413535,13,12,double_positive,37,24.10208293102845,24.68703889939465,S5,58,51.0,0.8793103448275862,3,0.24647595221142982,0.3048982449326438,1.1724137931034482,10558,0.05644473908514064,3.5675299636262445,0.12990464978674096,0.12753700230555123,False
14,97.6700578260793,230.29766135565023,14,13,double_positive,38,41.03501833541143,30.670625795693464,S5,60,0.0,0.0,0,0.26403284370358143,0.2713157625093216,1.133333333333333,12118,1.0,0.0,1.0,1.0,False
15,104.59584472226346,871.0817945538364,15,0,live_only,98,32.12197570374205,0.0,S5,131,406.0,3.099236641221374,21,0.1755200406909386,0.140328434918809,0.5190839694656489,11346,8.812902088657794e-05,17.657451701931922,0.0005396503631509923,0.0004684491978609626,True
16,108.22898847544724,964.2902774226152,16,0,live_only,98,32.36988283149918,0.0,S5,135,119.0,0.8814814814814815,7,0.14262621537421993,0.11771305506044098,0.5037037037037037,11401,8.770391159445712e-05,6.180360876635949,0.0005396503631509923,0.0004684491978609626,True
17,107.08879541118851,361.0076679792831,17,18,double_positive,30,14.148104388970536,5.90725539542715,S5,50,0.0,0.0,0,0.2670689982892986,0.33495973452518635,1.34,10522,1.0,0.0,1.0,1.0,False
18,108.5282264496814,430.513412953582,18,19,double_positive,42,20.81203040073549,14.374719356533422,S5,66,34.0,0.5151515151515151,2,0.23692775005424171,0.25144010669765926,1.03030303030303,10056,0.23575618971860396,2.174297924297924,0.4252792462656875,0.4284697555881682,False
19,115.41311982817224,606.7844693067842,19,0,live_only,20,12.332481280698346,0.0,S5,38,34.0,0.8947368421052632,2,0.24971460620619826,0.3292487342001552,1.3421052631578947,10604,0.10381895332390381,3.583037675282987,0.21966261412904284,0.22124693081162516,False
20,134.83444516484226,904.3650782450272,20,0,live_only,58,20.295382014624128,0.0,S5,84,68.0,0.8095238095238095,3,0.16848972650905883,0.18594983176690602,0.8095238095238093,11173,0.011455163773044568,4.804588542555949,0.032298581333997406,0.03155573416725485,True
21,138.0921837091333,357.8921215968192,21,0,live_only,48,12.727967766406945,0.0,S5,81,85.0,1.0493827160493827,5,0.27389627249022647,0.22588303514202035,0.8395061728395061,9957,0.005724040972082747,3.8313143384849395,0.017066853197221434,0.016494275959027915,True
22,138.32050547089216,618.9322063345893,22,0,live_only,53,16.742444964330566,0.0,S5,79,85.0,1.0759493670886076,5,0.24751539156204488,0.23554951928980314,0.8607594936708861,10751,0.00623139880952381,4.346999838266213,0.018368464218073595,0.017723069341372914,True
23,143.25323278026283,819.7714162977102,23,0,live_only,101,212.4032305871156,0.0,S5,135,203.0,1.5037037037037038,11,0.20275233574294024,0.1657386499034246,0.6296296296296297,11282,8.862891075068687e-05,7.416455638815308,0.0005396503631509923,0.0004684491978609626,True
24,150.8119036859698,270.9958400435756,24,0,live_only,110,233.87552203321744,0.0,S5,145,574.0,3.9586206896551723,27,0.3005034000563529,0.17817868748661975,0.736551724137851,11871,8.423180592991914e-05,13.17329750316575,0.0005396503631509923,0.0004684491978609626,True
25,152.66378624844774,566.2659808242943,25,0,live_only,88,134.72985223028348,0.0,S5,121,135.0,1.115702479338843,7,0.26546339565016835,0.1853361079624114,0.7024793388429752,8367,0.0010755258126195029,4.202848669988131,0.003522618633756301,0.00338906694911757,True
26,156.93665023916446,425.77098207773776,26,0,live_only,117,225.65563628195136,0.0,S5,155,777.0,5.012903225806451,37,0.25292428673161715,0.1607772590863452,0.6580645161290323,8516,0.00011741223435481978,19.819778047355886,0.0005396503631509923,0.0004684491978609626,True
27,160.73756836830765,609.574891688342,27,0,live_only,119,66.00336915261977,0.0,S5,157,203.0,1.2929936305732483,10,0.2461994274173861,0.16274792553456138,0.6496815286624203,9758,0.00010246951531919253,5.251814125388741,0.0005396503631509923,0.0004684491978609626,True
28,162.8474124868207,383.54321530118,28,0,live_only,117,52.36889105164488,0.0,S5,158,422.0,2.670886075949367,21,0.2755469661164948,0.1506720044321748,0.6455696202531646,8292,0.0001205836247437598,9.69303387220086,0.0005396503631509923,0.00046969501994595283,True
29,163.68738142567074,907.3165527318714,29,0,live_only,72,81.42045849992988,0.0,S5,102,170.0,1.6666666666666667,10,0.19519534928102175,0.179061167040956,0.6666666666666669,10891,9.18105031215571e-05,8.53845479826046,0.0005396503631509923,0.0004684491978609626,True
30,166.56104891515864,535.4119486469698,30,0,live_only,96,117.08921223052089,0.0,S5,129,85.0,0.6589147286821705,5,0.29447166716347406,0.2061584264096865,0.790697674418605,8894,0.08442945474985947,2.237616729070163,0.1828130263949378,0.18398060288775347,False
31,174.26199713202936,449.6802935249498,31,0,live_only,71,14.907923223818102,0.0,S5,107,153.0,1.4299065420560748,8,0.26320068549110254,0.192672435912509,0.794392523364486,9380,0.00010659844366272253,5.432761466361806,0.0005396503631509923,0.0004684491978609626,True
32,175.41831567422886,611.8848774736132,32,0,live_only,31,10.846640984193405,0.0,S5,61,68.0,1.1147540983606556,4,0.24013348740644133,0.24996269088322923,0.836065573770492,10257,0.006823942288945214,4.642226748133061,0.01997890101300664,0.019283140145535508,True
33,176.79963738235944,161.57778450588847,33,30,double_positive,44,11.789424503960705,14.888476652535813,S5,55,0.0,0.0,0,0.2830070935067131,0.2954760851517055,1.2363636363636359,11829,1.0,0.0,1.0,1.0,False
34,184.03514466343336,488.32663134668974,34,0,live_only,125,185.95669492483927,0.0,S5,163,404.0,2.478527607361963,19,0.2913789736231631,0.18752526432374103,0.8343558282208587,8513,0.00011745360582569885,8.506199251588457,0.0005396503631509923,0.0004684491978609626,True
35,183.4489918689979,989.2911215335316,35,32,double_positive,32,30.86782543133897,23.094499438487546,S5,52,0.0,0.0,0,0.1929925580827248,0.24762233436425218,0.9807692307692306,8817,1.0,0.0,1.0,1.0,False
36,187.48871987879247,167.71360281226498,36,33,double_positive,32,31.104338392753643,37.90660293412113,S5,52,34.0,0.6538461538461539,2,0.2892941168803238,0.3140005677501658,1.3076923076923075,11803,0.219586580820061,2.2601432787402285,0.4004701791220393,0.405818237971252,False
37,199.5477289720163,347.79739347617647,37,0,live_only,85,130.9609349646216,0.0,S5,116,386.0,3.3275862068965516,18,0.2758256074294814,0.17822862307490242,0.8793103448275861,8748,0.00011429877700308607,12.064094548390669,0.0005396503631509923,0.0004684491978609626,True
38,199.52239824515596,541.8073984958822,38,36,double_positive,81,170.4230754255601,4.622892472559018,S5,112,153.0,1.3660714285714286,9,0.3034448802150684,0.2239857830734202,0.9107142857142858,8396,0.00011909015124449208,4.501876675603217,0.0005396503631509923,0.00046969501994595283,True
39,201.3628983310404,492.87299727339627,39,0,live_only,72,180.54692805211715,0.0,S5,101,237.0,2.3465346534653464,13,0.2991199246201741,0.23206747430128236,1.0099009900990097,8711,0.0001147842056932966,7.844795549627805,0.0005396503631509923,0.0004684491978609626,True
40,205.7678586257379,758.0459420020867,40,0,live_only,40,18.00505208466177,0.0,S5,63,101.0,1.6031746031746033,5,0.22638637025096825,0.27664315918552285,1.079365079365079,12053,0.0008296001327360213,7.081586234177216,0.002744875949384234,0.0026718004274880686,True
41,206.1518344838401,448.8573878926844,41,37,double_positive,37,22.21256564374763,21.36291934668645,S5,59,51.0,0.864406779661017,3,0.2868229525639456,0.28032393006025363,1.1525423728813557,9271,0.07139775668679896,3.0137294520329654,0.15883857705450813,0.1579404920647371,False
42,207.70531192303795,623.1003978347086,42,0,live_only,30,12.6618605853552,0.0,S5,51,34.0,0.6666666666666666,2,0.23393300623902114,0.28358608034370614,1.0,11006,0.16153356954665213,2.849818746763335,0.311769404318464,0.3158558190242573,False
43,211.44911732619664,339.414555132458,43,38,double_positive,49,28.869257690455285,7.369723420434982,S5,74,101.0,1.364864864864865,5,0.268100573469701,0.22684900332622984,0.918918918918919,9685,0.0005162089613875697,5.090868875068307,0.00173003365095524,0.001674811296946337,True
44,219.70318821885127,958.396690659475,44,0,live_only,106,83.31121055633132,0.0,S5,141,353.0,2.50354609929078,17,0.21882019840959097,0.16075983429535184,0.7234042553191489,9238,0.00010823682216690118,11.441110635520971,0.0005396503631509923,0.0004684491978609626,True
45,221.5351747298236,924.6978802240034,45,0,live_only,77,41.01751338261576,0.0,S5,107,119.0,1.1121495327102804,7,0.20864218213176391,0.1845820948629733,0.7943925233644858,10209,0.0012732615083251714,5.330415553303234,0.004149296925371224,0.003983489576045893,True
46,220.89469891729988,130.79216478013217,46,0,live_only,34,23.04334570527609,0.0,S5,55,0.0,0.0,0,0.2765126704492289,0.2866123137717565,1.2181818181818176,10687,1.0,0.0,1.0,1.0,False
47,224.6323130659144,567.9225735508585,47,0,live_only,87,75.3810173336972,0.0,S5,119,337.0,2.831932773109244,17,0.2534326440730966,0.20363840525616095,0.8571428571428571,8922,0.0001120699316373417,11.17430149326951,0.0005396503631509923,0.0004684491978609626,True
48,226.2441129825242,907.924894048976,48,0,live_only,71,97.57090847429056,0.0,S5,100,185.0,1.85,9,0.20122488784864445,0.18866018939919296,0.6800000000000002,10254,9.751340809361287e-05,9.19369378101737,0.0005396503631509923,0.0004684491978609626,True
49,231.11552759535064,405.2711393190004,49,0,live_only,118,128.66807170795497,0.0,S5,154,321.0,2.0844155844155843,17,0.25888554128246016,0.15188410889718024,0.6623376623376623,8828,0.00011326311020500623,8.051494780627234,0.0005396503631509923,0.0004684491978609626,True
50,231.7045789053808,334.3393378253117,50,0,live_only,101,52.0128842594173,0.0,S5,139,68.0,0.4892086330935252,4,0.26602745248055415,0.16410711452603408,0.7338129496402878,8745,0.13812028355819803,1.8389404120963229,0.27349924851142415,0.27624056711639605,False
51,231.666211700556,355.7499908116644,51,44,double_positive,58,15.668486098412338,11.873758638804608,S5,87,0.0,0.0,0,0.2577698919414186,0.20434945738786595,0.7816091954022989,9484,1.0,0.0,1.0,1.0,False
52,233.29302145899968,310.5781460901074,52,45,double_positive,56,18.99492471928508,7.907424591941319,S5,83,0.0,0.0,0,0.2808445769760507,0.24300926410068677,1.0240963855421685,9010,1.0,0.0,1.0,1.0,False
53,243.17362154481825,82.45790590590164,53,47,double_positive,81,56.99320586479935,15.34232927202027,S5,112,17.0,0.15178571428571427,1,0.25179040302301997,0.19486859855364905,0.7589285714285714,10283,0.7967716841695838,0.6028256536522452,0.9908081249932407,1.0,False
54,239.59732610411635,284.02382804371035,54,46,double_positive,30,11.677415037309231,8.569756659954312,S5,51,0.0,0.0,0,0.28494030299989964,0.3127870509665259,1.333333333333333,9967,1.0,0.0,1.0,1.0,False
55,243.29470164695223,525.0250801116426,55,0,live_only,84,90.24907376831118,0.0,S5,116,304.0,2.6206896551724137,16,0.2657793733049206,0.20806651018130093,0.8793103448275865,8544,0.00011702750146284377,9.860395193895563,0.0005396503631509923,0.0004684491978609626,True
56,244.80336033290996,449.2373416095807,56,0,live_only,105,220.864670023236,0.0,S5,140,454.0,3.242857142857143,20,0.2717124648237047,0.177924633106379,0.85,8630,0.00011586142973004287,11.934885449444533,0.0005396503631509923,0.0004684491978609626,True
57,246.78830785738617,217.43392221756207,57,0,live_only,99,112.7892436109565,0.0,S5,135,169.0,1.2518518518518518,9,0.2666411262001499,0.18143160815859585,0.7555555555555555,11021,9.072763563781528e-05,4.694894106140885,0.0005396503631509923,0.0004684491978609626,True
58,248.45754031352664,51.68736626242716,58,48,double_positive,41,19.910095676763166,13.674942443625394,S5,64,17.0,0.265625,1,0.23540846946907062,0.25196457531345917,1.0624999999999998,10039,0.5767928286852589,1.1283578734404855,0.7858196416016606,0.7845815495780851,False
59,253.3461607372777,473.0928297818942,59,0,live_only,81,117.15933043774864,0.0,S5,112,102.0,0.9107142857142857,6,0.2970005188110858,0.22184671475313592,1.0625,8536,0.024013119362773807,3.066372709919632,0.06266602779379804,0.06079622127684929,False
60,253.10782313617568,536.3809115952424,60,0,live_only,70,129.3136327962881,0.0,S5,100,237.0,2.37,13,0.2709536522853481,0.22629413126371012,1.0199999999999998,9364,0.00010678056593699947,8.746883387658098,0.0005396503631509923,0.0004684491978609626,True
61,255.7112956365224,991.0561171392336,61,0,live_only,42,11.77048343922082,0.0,S5,76,67.0,0.881578947368421,3,0.18815317502056447,0.20955822264371396,0.8947368421052629,7806,0.014218009478672985,4.6854322137910644,0.03915235306547529,0.03797248872962663,True
62,252.71688731404657,142.9115752756492,62,49,double_positive,39,65.04348427626238,30.955123170937263,S5,61,0.0,0.0,0,0.2602152607446151,0.2649448584008512,1.1147540983606554,10901,1.0,0.0,1.0,1.0,False
63,266.9221761054077,548.7372852868549,63,0,live_only,110,225.43161856435125,0.0,S5,145,287.0,1.9793103448275862,15,0.26787533008230374,0.1972687189756926,0.8206896551724139,8945,0.000111781801922647,7.388923587026286,0.0005396503631509923,0.0004684491978609626,True
64,268.1596169242948,270.4308933830568,64,0,live_only,102,137.06593530090106,0.0,S5,137,286.0,2.0875912408759123,14,0.2910288014065457,0.19366897981113232,0.8686131386861313,8818,0.00011339154099104207,7.173143107440084,0.0005396503631509923,0.0004684491978609626,True
65,270.2442031603721,933.3419494818116,65,0,live_only,99,61.82860615235211,0.0,S5,132,102.0,0.7727272727272727,6,0.20488753432703144,0.16587026219897083,0.6439393939393939,9545,0.004609260423213911,3.771470408218605,0.014000493604001038,0.013549369566226127,True
66,276.2083791378452,942.046812056424,66,0,live_only,74,37.18532526295127,0.0,S5,102,102.0,1.0,6,0.20447223305189124,0.19050744661092267,0.666666666666667,10109,0.0009891196834817012,4.890639599686959,0.003247818302470295,0.0031393798649636605,True
67,270.5159875235978,292.18539101756926,67,0,live_only,155,113.05036880439144,0.0,S5,198,271.0,1.3686868686868687,14,0.29212494679253204,0.1525329705951027,0.6868686868686869,8709,0.0001148105625717566,4.685278966123061,0.0005396503631509923,0.0004684491978609626,True
68,270.11280441825056,647.7050595499642,68,0,live_only,82,30.5483214826409,0.0,S5,114,152.0,1.3333333333333333,8,0.2328298361360517,0.19027387865201084,0.7456140350877193,10610,9.424182452172274e-05,5.726642922834914,0.0005396503631509923,0.0004684491978609626,True
69,271.5532162775154,88.80459226463587,69,51,double_positive,77,37.702556192862346,12.459146445149385,S5,108,68.0,0.6296296296296297,4,0.22783605997497947,0.19346986127554078,0.7870370370370371,9977,0.0531168570855883,2.7635205318191263,0.12368503346500542,0.12117283022649832,False
70,271.31494018551894,213.86314494235864,70,53,double_positive,42,29.03780276206729,24.649738029575104,S5,65,85.0,1.3076923076923077,5,0.2375678002281587,0.2449067527941951,1.032307692307698,10991,0.0031841339155749635,5.504501478889007,0.009832908782144588,0.009423315236634014,True
71,278.38703692780774,610.6371923482732,71,0,live_only,101,27.610403227003527,0.0,S5,141,85.0,0.6028368794326241,5,0.22139333404270742,0.16464182856956627,0.6028368794326243,9198,0.03978693336232199,2.7229224494913433,0.0975494377522337,0.09319078509463653,False
72,277.07130269430843,510.54348132065365,72,0,live_only,30,11.64567840193581,0.0,S5,61,17.0,0.2786885245901639,1,0.3130525144629124,0.3307239135209513,1.3934426229508197,8929,0.6583426651735722,0.8902293120638084,0.8530174193108123,0.8764561925411083,False
73,284.5135974134211,423.5671550242413,73,55,double_positive,35,29.20102570057933,21.783204579363463,S5,56,17.0,0.30357142857142855,1,0.2625288779500808,0.3081942038869351,1.2142857142857142,9461,0.567427605157472,1.1563353751473844,0.7823184709685129,0.7793215023757268,False
74,296.8104878897078,469.78960789353465,74,0,live_only,106,224.318991147164,0.0,S5,137,521.0,3.802919708029197,24,0.30953291356891344,0.23202796013226926,1.116788321167883,8953,0.00011168192986374804,12.285994610981902,0.0005396503631509923,0.0004684491978609626,True
75,287.8188766875384,466.4084848895409,75,0,live_only,50,57.92026561557917,0.0,S5,71,203.0,2.859154929577465,11,0.3073295108876568,0.3035571433895738,1.4366197183098592,9816,0.00010186411327289395,9.303222854581703,0.0005396503631509923,0.0004684491978609626,True
76,291.341402840152,601.6114137308981,76,0,live_only,66,37.26343850143556,0.0,S5,96,319.0,3.3229166666666665,15,0.2176911266412537,0.18856248395058706,0.7083333333333334,9444,0.00010587612493382742,15.264364321760807,0.0005396503631509923,0.0004684491978609626,True
77,293.96044997104974,561.4309601085005,77,0,live_only,96,218.1620791028178,0.0,S5,130,406.0,3.123076923076923,20,0.2229318758164912,0.1755163936946793,0.653846153846154,8008,0.0001248595330253465,14.00910888870696,0.0005396503631509923,0.00047001305949528324,True
78,294.6726351151093,922.4672751764396,78,56,double_positive,92,150.42691246988323,10.439617546222326,S5,126,254.0,2.015873015873016,14,0.2016732840118624,0.17118922136326278,0.6746031746031746,11058,9.042408897730355e-05,9.995736548597296,0.0005396503631509923,0.0004684491978609626,True
79,304.194865104041,779.0578428754379,79,0,live_only,97,134.84708063912836,0.0,S5,131,102.0,0.7786259541984732,6,0.24500366333418697,0.17517833774627448,0.648854961832061,12013,0.0072415515232229066,3.178017600236537,0.021153811544189438,0.02033204850751047,True
80,308.7563515741643,616.9198159679772,80,59,double_positive,32,30.185829859897403,24.14668558998995,S5,53,51.0,0.9622641509433962,3,0.23849868045096234,0.27945690382180954,0.9622641509433962,9859,0.038539553752535496,4.0346728507005185,0.09503004033657518,0.09174089425875298,False
81,311.80602047909883,426.50932227734376,81,0,live_only,55,17.981115237677702,0.0,S5,83,153.0,1.8433734939759037,9,0.27923276422551246,0.27056536050095253,1.2289156626506024,10118,0.002569423856112264,6.601565898216616,0.008010920051388476,0.007708271568336792,True
82,324.01136459654964,399.040792273285,82,0,live_only,174,53.12995573630457,0.0,S5,224,170.0,0.7589285714285714,10,0.2569552311253827,0.14172461448429582,0.6071428571428571,9565,0.0002090738030524775,2.953543962131863,0.0007328884393488198,0.0007044178902845012,True
83,323.15599996210847,503.8553328304495,83,0,live_only,96,235.07222123312783,0.0,S5,129,421.0,3.2635658914728682,21,0.2701986010471481,0.22758536135118496,1.054263565891473,9378,0.00010662117496534811,12.078396700889634,0.0005396503631509923,0.0004684491978609626,True
84,325.49094987489565,229.5569229330013,84,62,double_positive,77,61.58524453954213,8.528204497290867,S5,109,202.0,1.853211009174312,10,0.29660097203443964,0.21408642797274569,0.9357798165137613,9493,0.00010532968190436065,6.24816229179157,0.0005396503631509923,0.0004684491978609626,True
85,329.1978081254787,350.9768277806472,85,0,live_only,179,210.98106028380795,0.0,S5,224,911.0,4.066964285714286,46,0.26834555799287085,0.14605256650498605,0.6071428571428571,8857,0.00011289230074508918,15.155698183095442,0.0005396503631509923,0.0004684491978609626,True
86,326.5500986956877,153.9679710768872,86,63,double_positive,39,39.39407203844367,35.56521912796569,S5,61,34.0,0.5573770491803278,2,0.2383908296264037,0.24649934324159167,0.8360655737704918,10540,0.20330139455459634,2.3380809155026063,0.3757674929536016,0.38217172023567897,False
87,330.480818542942,274.1044560263361,87,0,live_only,101,55.53231385425493,0.0,S5,136,118.0,0.8676470588235294,6,0.3182890518353392,0.19820309635988442,0.8749999999999999,9394,0.01479510377860564,2.7259720490555552,0.04065518983231253,0.039274275485025885,True
88,343.00385930525374,299.4335728415597,88,0,live_only,102,226.9167542775004,0.0,S5,132,909.0,6.886363636363637,35,0.31851146747203,0.210297029941266,0.9015151515151515,9813,0.00010189525168127165,21.620457470556726,0.0005396503631509923,0.0004684491978609626,True
89,337.9910754063516,310.450506297954,89,0,live_only,154,122.98755294437316,0.0,S5,192,338.0,1.7604166666666667,18,0.3000409593897722,0.16896714607766858,0.7083333333333335,9308,0.0001074229240519927,5.867254491676832,0.0005396503631509923,0.0004684491978609626,True
90,335.47429930621496,20.87470785024204,90,66,double_positive,35,28.945587268298297,23.08674808210169,S5,57,0.0,0.0,0,0.1916354229808846,0.23530997504595452,0.894736842105263,7033,1.0,0.0,1.0,1.0,False
91,337.9599285311525,199.1100154202721,91,0,live_only,117,57.5444151794853,0.0,S5,155,102.0,0.6580645161290323,6,0.25581859174471033,0.16099595593057509,0.6580645161290323,8928,0.01814312912980177,2.5723873766990955,0.0486842792422284,0.04702183762635015,True
92,339.4900242865121,606.8170350898209,92,0,live_only,79,38.12976146680956,0.0,S5,110,135.0,1.2272727272727273,7,0.25489391687098206,0.20226729508482783,0.7727272727272727,9418,0.00042467353222210426,4.814837255978642,0.0014306534319274524,0.0013985489256637719,True
93,343.8788467021842,563.2913903761072,93,0,live_only,43,11.994666071370007,0.0,S5,66,119.0,1.803030303030303,5,0.2508884319058404,0.24680115471140984,1.03030303030303,9593,0.00010423181154888472,7.186582056947881,0.0005396503631509923,0.0004684491978609626,True
94,346.64609605392224,138.46002369108626,94,68,double_positive,52,15.636406860463492,4.129910685621823,S5,80,34.0,0.425,2,0.2672736220472441,0.23288300476418913,0.85,10414,0.3614018242918867,1.5901307309887682,0.593339450767819,0.6045027747743352,False
95,347.913705094369,401.8861015475213,95,67,double_positive,28,20.598111860785643,9.940961007097608,S5,48,17.0,0.3541666666666667,1,0.25875377367121033,0.30224160128494215,1.0625,10931,0.5128064398097328,1.3687401023827939,0.739638276275722,0.7419137041507048,False
96,353.03010565557463,642.1128561526114,96,0,live_only,87,58.58101231741642,0.0,S5,120,204.0,1.7,12,0.23730862908837855,0.18625883406054078,0.8416666666666668,9580,0.00010437323870159691,7.163667021003629,0.0005396503631509923,0.0004684491978609626,True
97,353.5519545694251,169.1558194846751,97,71,double_positive,34,50.41296516104813,23.939478494061262,S5,54,17.0,0.3148148148148148,1,0.23868816125120226,0.26665920677755084,0.9444444444444444,10628,0.5379621789443974,1.3189377016629438,0.7608908899573429,0.7600884979924066,False
98,354.98627791702506,518.6976938148034,98,0,live_only,66,29.12203816919156,0.0,S5,97,186.0,1.9175257731958764,10,0.2799200869812878,0.2552249369285551,1.0515463917525774,9918,0.002419598749873979,6.85026142237538,0.0075802405279868385,0.007308856913412434,True
99,367.0801101690998,930.169120999194,99,0,live_only,88,59.56066605744739,0.0,S5,119,68.0,0.5714285714285714,4,0.19257577627969855,0.1764472717019111,0.8403361344537815,11164,0.045230631437527986,2.96729205753596,0.10883882926618516,0.10426850826124873,False
100,369.11964631848974,66.66084981034385,100,0,live_only,118,103.34733643866385,0.0,S5,155,152.0,0.9806451612903225,8,0.2641773808607283,0.18386952639776255,0.7677419354838709,10475,0.002195494463535701,3.7120708748615727,0.006894809489602431,0.006677962326587756,True
101,369.1598514271372,598.2757891500586,101,75,double_positive,52,24.56878178113761,20.442139953518687,S5,77,17.0,0.22077922077922077,1,0.23988667452447637,0.23832874261974998,0.8831168831168836,9608,0.6499115412633989,0.9203479985575188,0.8457670516940411,0.8678696801017338,False
102,372.7420463727351,246.76698822454136,102,78,double_positive,30,15.62719522114918,5.276108319025772,S5,49,0.0,0.0,0,0.3100475518504903,0.3184553958888017,1.387755102040816,10326,1.0,0.0,1.0,1.0,False
103,380.30811951500266,933.8176527473412,103,0,live_only,101,78.30103600205933,0.0,S5,135,238.0,1.762962962962963,14,0.2001204512447776,0.1750804993978498,0.7555555555555555,10762,9.2910898448388e-05,8.809509233049813,0.0005396503631509923,0.0004684491978609626,True
104,386.5720266089317,689.3829086028537,104,0,live_only,52,14.119310034065943,0.0,S5,78,152.0,1.9487179487179487,8,0.26888119585543874,0.249700731407695,1.0769230769230766,10599,9.433962264150943e-05,7.247505510819199,0.0005396503631509923,0.0004684491978609626,True
105,388.3031448985301,543.785474501935,105,85,double_positive,35,17.715624069524623,9.984029428012969,S5,57,68.0,1.1929824561403508,4,0.24882428457412795,0.29069798699833926,1.1929824561403508,10837,0.016515962354677984,4.794477589605793,0.045002527676507025,0.043317314439215306,True
106,386.702663439673,805.5378881670025,106,84,double_positive,32,21.19917508135347,19.596247585949214,S5,51,17.0,0.3333333333333333,1,0.23381068889184262,0.28978416358103465,1.0000000000000004,11949,0.49757322175732216,1.4256548103646725,0.7270186534265266,0.731332453455393,False
107,405.4845611012486,14.139689728586362,107,0,live_only,79,28.306389769302054,0.0,S5,112,152.0,1.3571428571428572,7,0.243527246534631,0.19190008332919475,0.7589285714285714,6297,0.00015878056525881233,5.572858382192826,0.0005986581195949988,0.0005563671006668785,True
108,410.13397439781073,625.2528807827936,108,0,live_only,41,15.976679898423804,0.0,S5,59,17.0,0.288135593220339,1,0.2588552622922674,0.29170253293662135,1.1525423728813557,10563,0.5675880348352896,1.1131146829652312,0.7823184709685129,0.7793215023757268,False
109,406.4230534704627,628.6227656952419,109,0,live_only,29,11.40246043208713,0.0,S5,44,0.0,0.0,0,0.2601509162773985,0.33676939286375834,1.1590909090909094,10626,1.0,0.0,1.0,1.0,False
110,407.961227985063,897.5371380798451,110,0,live_only,73,37.21847260454235,0.0,S5,104,220.0,2.1153846153846154,11,0.20762604463884823,0.18379159259028052,0.8173076923076922,10622,9.413536665725314e-05,10.1884357478571,0.0005396503631509923,0.0004684491978609626,True
111,418.1254311999329,74.10185445369846,111,0,live_only,39,15.043237209002806,0.0,S5,65,51.0,0.7846153846153846,3,0.3268433065396448,0.3126175809372121,1.3076923076923077,10077,0.12968843024409604,2.4005857513873057,0.2615954806012326,0.26297931688386145,False
112,421.2267236186725,610.2756278242698,112,0,live_only,74,131.27385429170698,0.0,S5,104,203.0,1.9519230769230769,11,0.2441476956611208,0.21779988308577686,0.8173076923076923,10093,9.906875371507826e-05,7.994845380938445,0.0005396503631509923,0.0004684491978609626,True
113,426.113393539584,245.1234818251906,113,0,live_only,85,179.4306286196095,0.0,S5,116,288.0,2.4827586206896552,14,0.30317290883494996,0.2192744113670238,0.8793103448275862,11145,8.971828458639871e-05,8.189249594333942,0.0005396503631509923,0.0004684491978609626,True
114,429.9028083761421,885.7920384295957,114,0,live_only,55,11.34742369273424,0.0,S5,83,68.0,0.8192771084337349,4,0.22139392153086426,0.2106451463077666,0.8192771084337349,11323,0.020310844224655598,3.70054020800892,0.053761561141588386,0.052024267663152934,False
115,444.4494456395513,105.29841084649468,115,96,double_positive,105,19.33203558898181,16.26179441570555,S5,152,136.0,0.8947368421052632,8,0.3821016259259671,0.2357700996030178,1.111842105263158,9478,0.03818968245595527,2.341620085852815,0.09434670122928378,0.09140481374704049,False
116,445.5918109416789,602.8098544556349,116,97,double_positive,40,23.658700013773554,13.228186876330566,S5,47,0.0,0.0,0,0.267504835589942,0.3923353841192381,1.4468085106382975,10780,1.0,0.0,1.0,1.0,False
117,446.0988247763905,445.1610324265569,117,0,live_only,95,30.00378099757697,0.0,S5,131,119.0,0.9083969465648855,7,0.2920859899617972,0.1882046416809049,0.9083969465648852,9857,0.012477175897748022,3.1100325855536495,0.034727247080212846,0.03373458668650391,True
118,457.4560025974594,398.5165725468202,118,0,live_only,121,59.42790206498356,0.0,S5,158,407.0,2.5759493670886076,22,0.2619318325374567,0.1479490652155034,0.6455696202531648,9018,0.00011087703736556159,9.834426545770233,0.0005396503631509923,0.0004684491978609626,True
119,452.03913363566585,406.4512114054808,119,98,double_positive,49,37.172812426624354,22.34657627624311,S5,71,51.0,0.7183098591549296,3,0.2708835956502773,0.24402627017344777,0.9577464788732394,9977,0.0930046101423131,2.6517289001224693,0.1997135419777816,0.20166346159570858,False
120,458.38208271484336,70.04716316384166,120,0,live_only,37,13.257038581241767,0.0,S5,68,68.0,1.0,4,0.37137795320699374,0.336497353002087,1.4999999999999998,10268,0.07732008959002824,2.6926746495439735,0.17026172529417086,0.16933099620216185,False
121,459.4468826588518,846.8531492128213,121,0,live_only,61,26.210932073236066,0.0,S5,91,187.0,2.0549450549450547,11,0.21420676573402805,0.19549208899068418,0.7472527472527473,10509,9.514747859181732e-05,9.593278008298755,0.0005396503631509923,0.0004684491978609626,True
122,462.0232321549959,797.0436640001857,122,0,live_only,73,113.05037087624603,0.0,S5,103,136.0,1.3203883495145632,8,0.2592932247952931,0.2250783435922198,0.9902912621359223,8914,0.0031407739764441954,5.092259354470152,0.009722157153814132,0.009358224501241888,True
123,460.85357189657617,231.09318397264045,123,0,live_only,78,28.134077729367124,0.0,S5,111,236.0,2.126126126126126,12,0.314842867040937,0.2418833347062872,1.072072072072072,10259,9.746588693957115e-05,6.752975368661217,0.0005396503631509923,0.0004684491978609626,True
124,462.4016345538486,412.8643708397046,124,102,double_positive,98,218.62556244059067,4.05280738848399,S5,131,455.0,3.4732824427480917,22,0.276526838011509,0.17734388711625276,0.7786259541984732,9506,0.00010518565267697486,12.560381002163465,0.0005396503631509923,0.0004684491978609626,True
125,463.994642103466,361.246740340213,125,0,live_only,111,219.5675646173928,0.0,S5,140,727.0,5.192857142857143,38,0.2677171833680302,0.17444249680628782,0.7285714285714285,10156,9.845426799251748e-05,19.396801794819925,0.0005396503631509923,0.0004684491978609626,True
126,463.38210338958106,352.0737021134992,126,0,live_only,57,43.35944227147603,0.0,S5,78,202.0,2.58974358974359,9,0.27794678420080793,0.23989560692841488,0.871794871794872,10873,9.196247930844215e-05,9.317407996606216,0.0005396503631509923,0.0004684491978609626,True
127,463.1277269463969,126.25477251914994,127,101,double_positive,37,23.794964440290144,15.439692144794932,S5,58,0.0,0.0,0,0.4168903082822036,0.3894010127122995,1.7586206896551717,10549,1.0,0.0,1.0,1.0,False
128,466.8652273934358,435.21375001914976,128,104,double_positive,38,27.799897507634974,35.83178510615692,S5,60,34.0,0.5666666666666667,2,0.2869003040486478,0.27301387043844105,1.1333333333333333,10415,0.2619047619047619,1.975134423596082,0.4621639131843214,0.4720752498530277,False
129,471.3765349123272,750.25974891691,129,0,live_only,128,114.78903102578056,0.0,S5,168,288.0,1.7142857142857142,16,0.25343758073470646,0.17287514972135976,0.7083333333333334,8663,0.00011542012927054478,6.76413383254394,0.0005396503631509923,0.0004684491978609626,True
130,470.739907342252,67.65887273681416,130,0,live_only,24,10.7318003198981,0.0,S5,46,17.0,0.3695652173913043,1,0.3855324698324787,0.3975746755381776,1.4782608695652173,10802,0.6249190039803758,0.9585838971018124,0.8287525032336885,0.839615103507376,False
131,474.0771866332212,100.66750499334296,131,0,live_only,32,11.989631123327609,0.0,S5,60,51.0,0.85,3,0.42136371140828793,0.3612244505451835,1.4166666666666667,10095,0.18225039619651348,2.017259619152104,0.3445754575318921,0.351654949489308,False
132,472.84541039335136,611.5276513225176,132,0,live_only,95,81.1043238589524,0.0,S5,130,305.0,2.3461538461538463,17,0.32764333935532947,0.2540143482086876,1.1615384615384619,9708,0.00010299721907508497,7.160694463589997,0.0005396503631509923,0.0004684491978609626,True
133,474.2421624229881,416.66315987847,133,0,live_only,34,15.610123548957104,0.0,S5,58,68.0,1.1724137931034482,4,0.2799686615978379,0.26818671423071133,0.8793103448275864,9837,0.008538320796909941,4.187660813221898,0.024609337941315985,0.023790757212365402,True
134,479.7781750230302,343.8479532275681,134,107,double_positive,49,32.43452050015104,37.907735603981926,S5,73,51.0,0.6986301369863014,3,0.2725834562603096,0.24649495076679206,0.9315068493150687,11153,0.10480545095929711,2.5629953723938734,0.22066991865942914,0.2217622585515562,False
135,483.2391662326259,506.15285999602975,135,0,live_only,97,151.57099515050322,0.0,S5,134,471.0,3.514925373134328,21,0.29919457082020967,0.19739735350049342,0.8880597014925373,11643,8.588114050154586e-05,11.74795840545682,0.0005396503631509923,0.0004684491978609626,True
136,487.1251444115887,74.56622442189358,136,0,live_only,55,11.172991301516722,0.0,S5,90,34.0,0.37777777777777777,2,0.3813288334356037,0.3047376607191922,1.322222222222222,9778,0.5638613355148788,0.9906876812177235,0.7796675396191876,0.7793215023757268,False
137,489.0834632371013,962.2651163314232,137,0,live_only,98,56.41289053953366,0.0,S5,132,51.0,0.38636363636363635,2,0.1904794346341109,0.1522957092006873,0.6439393939393937,10008,0.18783095214307124,2.028374543980543,0.3525567943987893,0.35923976631070664,False
138,495.31093049682994,671.9691536370524,138,0,live_only,116,149.84963671641543,0.0,S5,129,387.0,3.0,17,0.2726556710728913,0.2077723780372295,0.7906976744186047,10482,9.539254030334828e-05,11.002888691788792,0.0005396503631509923,0.0004684491978609626,True
139,494.1031087537734,816.0940289275684,139,0,live_only,77,78.62518694864828,0.0,S5,108,234.0,2.1666666666666665,11,0.23693387543742542,0.19663015772660455,0.7870370370370371,9155,0.00010921799912625601,9.14460485089599,0.0005396503631509923,0.0004684491978609626,True
140,498.7331850212839,1005.6865798419892,140,0,live_only,110,168.20936177905588,0.0,S5,145,255.0,1.7586206896551724,15,0.17492289786044915,0.14286546318757667,0.5862068965517241,6429,0.00015552099533437013,10.053690575479566,0.0005897974589142633,0.0005493402899714041,True
141,500.8647499913856,245.78862719198844,141,0,live_only,111,233.62971576597727,0.0,S5,146,372.0,2.547945205479452,20,0.2719296774409958,0.2107321657209191,0.9315068493150684,10618,9.417082587814295e-05,9.369868083016845,0.0005396503631509923,0.0004684491978609626,True
142,499.50245564654017,841.2500663631619,142,0,live_only,54,22.44515844222592,0.0,S5,80,119.0,1.4875,7,0.24341380822451764,0.23117106090722533,0.8500000000000002,10262,0.0001948747929455325,6.110992678886871,0.0006943752924460319,0.0006616679016290173,True
143,501.39365412340015,560.0524715493432,143,112,double_positive,33,26.943085692847703,15.660596085092244,S5,53,0.0,0.0,0,0.2802993924114795,0.3149384119364346,1.2830188679245282,11316,1.0,0.0,1.0,1.0,False
144,506.9680538303,204.27394739720003,144,0,live_only,145,117.41874133908536,0.0,S5,188,508.0,2.702127659574468,27,0.26668092563859824,0.2038085454271807,0.904255319148936,10271,9.735202492211838e-05,10.132436930402546,0.0005396503631509923,0.0004684491978609626,True
145,507.2562579037789,933.2174584497184,145,0,live_only,109,72.50723585601716,0.0,S5,145,338.0,2.331034482758621,18,0.19584308400187214,0.13920519184706653,0.5862068965517241,10462,9.557488292076843e-05,11.90256216929436,0.0005396503631509923,0.0004684491978609626,True
146,509.9486057203004,779.7428851762537,146,0,live_only,113,31.900546603383592,0.0,S5,151,102.0,0.6754966887417219,6,0.22654773123219857,0.1787288977642315,0.7496688741721662,8131,0.024471224790949337,2.981696991921654,0.06373329026879777,0.06159997964618282,False
147,515.1947072949314,714.5386774863098,147,0,live_only,96,174.3742583249454,0.0,S5,129,303.0,2.3488372093023258,15,0.24323919292652688,0.19616016498078792,0.7906976744186046,9673,0.00010336985734959685,9.656491542511484,0.0005396503631509923,0.0004684491978609626,True
148,535.6298210747998,119.53280387166376,148,0,live_only,109,230.0036289066381,0.0,S5,145,642.0,4.427586206896552,30,0.37482174614539443,0.2444876530053767,1.0551724137931036,10451,9.567546880979717e-05,11.812511553636162,0.0005396503631509923,0.0004684491978609626,True
149,536.0661932088714,412.03610462869614,149,0,live_only,138,221.8021854747626,0.0,S5,177,573.0,3.23728813559322,29,0.3302938111264696,0.1707523647839336,0.7683615819209041,10067,9.932459276916965e-05,9.80123764521177,0.0005396503631509923,0.0004684491978609626,True
150,537.469751215151,787.5623366542271,150,0,live_only,94,89.39897350197492,0.0,S5,126,119.0,0.9444444444444444,7,0.23096735885996728,0.19029957435049774,0.8015873015873017,8902,0.0050544760193193304,4.089081890645205,0.015210337348160491,0.01466132779113819,True
151,543.5771890312711,920.9785410892064,151,116,double_positive,104,104.69931767255756,14.00246240176804,S5,140,254.0,1.8142857142857143,14,0.2099744529601244,0.14970037506757938,0.6071428571428571,9003,0.00011106175033318525,8.640506922193337,0.0005396503631509923,0.0004684491978609626,True
152,554.5149348627003,304.9873176070066,152,0,live_only,99,233.188514484324,0.0,S5,134,439.0,3.2761194029850746,22,0.2625965678895022,0.1834426284214488,0.7611940298507462,10083,9.916699722332408e-05,12.475865276211952,0.0005396503631509923,0.0004684491978609626,True
153,556.3145752200604,331.49559620367336,153,0,live_only,82,211.45987673595008,0.0,S5,113,319.0,2.8230088495575223,15,0.30005904687873713,0.20547677760423477,0.9026548672566369,9472,0.00010556317956296844,9.408177753421928,0.0005396503631509923,0.0004684491978609626,True
154,558.3932654701059,511.9997848613989,154,0,live_only,112,226.6496664166271,0.0,S5,147,457.0,3.108843537414966,25,0.2506502030186142,0.15477367218317145,0.693877551020408,11391,8.778089887640449e-05,12.403115975868937,0.0005396503631509923,0.0004684491978609626,True
155,556.2687746378626,161.8638516597175,155,121,double_positive,24,19.69422928466289,18.30439787053822,S5,41,51.0,1.2439024390243902,3,0.28024860145733355,0.359308096854143,1.2439024390243902,11471,0.03765690376569038,4.43856787350915,0.09338624126979048,0.09112554612912921,False
156,560.4926120802902,388.4429880033588,156,0,live_only,134,230.33191050258492,0.0,S5,166,622.0,3.746987951807229,27,0.33991534378302,0.17771244807821468,0.8192771084337348,9635,0.00010377750103777501,11.023297477853967,0.0005396503631509923,0.0004684491978609626,True
157,561.6170931535406,854.2139377346174,157,122,double_positive,91,149.8062370065859,23.596502777177783,S5,126,237.0,1.880952380952381,13,0.253474477844052,0.18598677863741384,0.6746031746031748,9676,0.00010333781130515655,7.420677604116106,0.0005396503631509923,0.0004684491978609626,True
158,558.4118968454062,690.0647070714483,158,123,double_positive,34,34.46396838477325,23.379351915202285,S5,55,17.0,0.3090909090909091,1,0.2610400952759031,0.30218882051611673,1.236363636363636,10305,0.5352222006598099,1.1840744570837642,0.758670157656583,0.7586644786051674,False
159,564.1123755268275,160.1130445231174,159,125,double_positive,30,18.148523374593783,21.44617452938962,S5,50,34.0,0.68,2,0.3018542581211589,0.33614425691962585,1.3599999999999997,11390,0.2347467298744623,2.252742778029854,0.42449922385325045,0.4284127820208937,False
160,571.5242506691617,907.0952532856938,160,0,live_only,71,18.29369941000835,0.0,S5,102,252.0,2.4705882352941178,11,0.23217033607183316,0.1927937854044568,0.6666666666666669,8499,0.00011764705882352942,10.641274320806088,0.0005396503631509923,0.0004684491978609626,True
161,574.9857659279685,789.0266493049529,161,0,live_only,80,74.43774396101504,0.0,S5,112,119.0,1.0625,7,0.2447002722922053,0.20838769425256584,0.7589285714285715,10388,0.0003850226200789296,4.342046659969511,0.001307262665555947,0.00127757505753463,True
162,573.7181038309375,812.0659433712884,162,127,double_positive,38,23.28305901832228,19.87992249050794,S5,60,0.0,0.0,0,0.25963737540512444,0.27580624609090537,1.1333333333333329,10902,1.0,0.0,1.0,1.0,False
163,584.5750253257712,961.4919808412676,163,0,live_only,55,31.9949209278846,0.0,S5,81,119.0,1.4691358024691359,7,0.21219683549486876,0.196607913109377,0.839506172839506,8593,0.00011636025133814289,6.9234576427256,0.0005396503631509923,0.0004684491978609626,True
164,588.0757045259022,639.1733146399138,164,129,double_positive,106,221.77214877064603,13.713731384547147,S5,144,253.0,1.7569444444444444,13,0.29399566315327186,0.20788525811586583,0.9444444444444444,10120,9.880446596186147e-05,5.976089666086258,0.0005396503631509923,0.0004684491978609626,True
165,585.961233963354,364.5627132998635,165,130,double_positive,32,37.7250684597363,16.15855217313871,S5,52,0.0,0.0,0,0.3259883498854087,0.34054886456994965,1.3076923076923077,10472,1.0,0.0,1.0,1.0,False
166,587.3998491844526,973.384241065596,166,0,live_only,55,24.77368725534445,0.0,S5,81,135.0,1.6666666666666667,6,0.22689700343376842,0.2132868121106262,0.8395061728395061,8237,0.00012138868657441127,7.3454767645407415,0.0005396503631509923,0.00046969501994595283,True
167,592.8156548682413,881.3585537577587,167,133,double_positive,54,24.571114330530555,27.46755801729604,S5,80,68.0,0.85,4,0.2542724082073434,0.24045497679090827,0.8500000000000002,9260,0.03800885433538495,3.3428715525708066,0.09407916807823336,0.09140481374704049,False
168,598.5425005882955,915.5122980583476,168,0,live_only,109,19.777220521082757,0.0,S5,154,85.0,0.551948051948052,5,0.24129668034818091,0.16121759087279788,0.6623376623376626,8097,0.06483082242529019,2.2874249705864758,0.14649055171707556,0.1448770419503934,False
169,598.987842334796,324.2685141388771,169,0,live_only,105,44.58374231653775,0.0,S5,141,118.0,0.8368794326241135,6,0.3153444859984717,0.19588904846998312,0.8439716312056736,9114,0.013933077345035655,2.653857827811105,0.038449364503215414,0.037439802927151024,True
170,600.1574697841473,494.9642798266928,170,0,live_only,82,200.15163026196893,0.0,S5,113,254.0,2.247787610619469,14,0.3057762332583523,0.24817972965124258,1.2035398230088492,9855,0.00010146103896103897,7.351086729884265,0.0005396503631509923,0.0004684491978609626,True
171,601.0262538675715,457.3670361202397,171,0,live_only,102,220.14223074914923,0.0,S5,137,119.0,0.8686131386861314,7,0.3239776593883778,0.19972564784821556,0.8686131386861314,9973,0.017144575897333068,2.681089616876501,0.04632607278925206,0.0446983585894755,True
172,603.1001019736425,675.3655933144857,172,0,live_only,102,37.60372030300173,0.0,S5,140,220.0,1.5714285714285714,12,0.29013591700694014,0.1825065262181299,0.7285714285714285,9901,0.00010098969905069682,5.416180759829823,0.0005396503631509923,0.0004684491978609626,True
173,607.1003744725979,1002.2840385431005,173,0,live_only,101,97.77269013379043,0.0,S5,135,153.0,1.1333333333333333,9,0.26919677938808373,0.175251751058477,0.7555555555555555,5750,0.0001738828029907842,4.21005532053368,0.0006334999873006941,0.0006044497437298689,True
174,610.8821158662219,735.622295537047,174,0,live_only,96,202.487503088503,0.0,S5,108,68.0,0.6296296296296297,4,0.28736912939366926,0.22046258134100893,0.9444444444444442,10595,0.11947904869762174,2.1910134570060062,0.24675848114779522,0.24746575439742652,False
175,612.1345413381456,609.567158585688,175,0,live_only,29,12.483607613687298,0.0,S5,51,17.0,0.3333333333333333,1,0.28840380175654323,0.32930482075581297,1.3333333333333333,11194,0.5645377400625279,1.1557868908216316,0.779771511034184,0.7793215023757268,False
176,616.1456456909797,924.3420868556648,176,0,live_only,36,21.518797023718903,0.0,S5,59,153.0,2.593220338983051,9,0.23026813208822572,0.26010701606609316,0.8644067796610171,10155,9.846396218983852e-05,11.261742193615726,0.0005396503631509923,0.0004684491978609626,True
177,619.420130811427,189.07271203646468,177,140,double_positive,83,37.9087570955586,15.719211605741627,S5,116,170.0,1.4655172413793103,9,0.2932797689248391,0.23300035801347324,1.025862068965517,11783,0.00033944331296673454,4.996993985476335,0.0011647036426398272,0.001134932603659769,True
178,620.9573072567478,942.7433059389898,178,0,live_only,106,122.35450636213156,0.0,S5,144,288.0,2.0,16,0.23949604829719812,0.16092887175243026,0.7083333333333333,8871,0.0001127141568981064,8.350868476619446,0.0005396503631509923,0.0004684491978609626,True
179,623.5103886897164,450.64662172541017,179,0,live_only,77,208.89408150967037,0.0,S5,107,269.0,2.514018691588785,11,0.3209273465911073,0.22999321649454738,0.9532710280373832,10182,9.820288716488265e-05,7.833606946533883,0.0005396503631509923,0.0004684491978609626,True
180,633.7110405909362,487.5047101700903,180,142,double_positive,31,27.71803463572665,29.792587578028886,S5,50,17.0,0.34,1,0.3026675936041315,0.35726635435969684,1.639199999999983,10069,0.5706057596822244,1.1233445773011854,0.7836585884550089,0.7810166335650446,False
181,639.2937364336836,853.0436222576002,181,145,double_positive,115,231.0134302904289,16.464343786512927,S5,131,272.0,2.0763358778625953,16,0.24991304322932398,0.18779670238855808,0.7786259541984732,10666,9.374707040404987e-05,8.308233340015464,0.0005396503631509923,0.0004684491978609626,True
182,643.2675725513723,23.44560983251109,182,146,double_positive,39,28.99009181599775,29.557927579638232,S5,62,17.0,0.27419354838709675,1,0.2924878141236676,0.29784236298687233,1.3548387096774193,7829,0.6348659003831417,0.9374528959731779,0.8370160794941284,0.8503708390453091,False
183,646.3723280488069,445.2580763295027,183,0,live_only,71,33.19448277918785,0.0,S5,102,254.0,2.4901960784313726,14,0.3196053357404343,0.2483557573132059,1.0,10166,9.83574309039048e-05,7.7914721688306585,0.0005396503631509923,0.0004684491978609626,True
184,649.5982430988548,809.1541019589567,184,0,live_only,84,20.226650316480715,0.0,S5,116,102.0,0.8793103448275862,6,0.25160230060441835,0.19969208476647585,0.7327586206896552,10486,0.008582053971583866,3.4948422280529208,0.024680541022492848,0.023790757212365402,True
185,658.0876482537614,536.2656565009564,185,0,live_only,87,50.03185457147298,0.0,S5,119,237.0,1.9915966386554622,11,0.29899342018488634,0.256429642691219,1.2521008403361344,9493,0.00010532968190436065,6.661004905806735,0.0005396503631509923,0.0004684491978609626,True
186,663.1299187150415,486.9118709060857,186,152,double_positive,34,23.3759099467401,30.956815358707747,S5,55,0.0,0.0,0,0.33533864808735847,0.3543031940120983,1.5454545454545447,9499,1.0,0.0,1.0,1.0,False
187,667.5975971138547,78.75254048849703,187,0,live_only,74,63.49115608351733,0.0,S5,104,0.0,0.0,0,0.2916766373709247,0.23603567595629105,1.1435576923076949,10608,1.0,0.0,1.0,1.0,False
188,671.401617392685,747.9494048106616,188,156,double_positive,111,233.48175950521957,29.80450041996172,S5,147,237.0,1.6122448979591837,13,0.268547032430153,0.19672385296742417,0.8095238095238095,10663,9.377344336084021e-05,6.003584859492038,0.0005396503631509923,0.0004684491978609626,True
189,670.3539235298583,574.5927841281074,189,0,live_only,48,35.0395980984795,0.0,S5,72,34.0,0.4722222222222222,2,0.3174080530268793,0.3133862799668947,1.416666666666666,10326,0.3581872760724315,1.487744931859787,0.5895544379009438,0.6045027747743352,False
190,685.5754839420151,345.9478103927645,190,0,live_only,98,166.20774509582523,0.0,S5,133,387.0,2.9097744360902253,19,0.2894484771755624,0.18943365955644,0.8872180451127819,10589,9.442870632672332e-05,10.052823440232949,0.0005396503631509923,0.0004684491978609626,True
191,684.8979596959015,600.8387739931779,191,0,live_only,97,175.8431502346597,0.0,S5,129,606.0,4.6976744186046515,28,0.28449008871908527,0.2162322113634866,0.9224806201550391,10147,9.854158454867954e-05,16.51261187957689,0.0005396503631509923,0.0004684491978609626,True
192,692.5316683049622,837.3862833614463,192,158,double_positive,36,30.994093691789537,24.804190754744937,S5,58,0.0,0.0,0,0.24076947182146632,0.3010444009830709,1.1724137931034482,11224,1.0,0.0,1.0,1.0,False
193,696.830906879731,512.1899188231939,193,160,double_positive,55,65.1114124096038,18.36722549812869,S5,84,17.0,0.20238095238095238,1,0.30377934539386353,0.2805956400655062,1.3690476190476188,8789,0.7651877133105802,0.6662103775309556,0.9551958269141699,1.0,False
194,699.049720412981,658.5279298227289,194,162,double_positive,30,27.7022079164975,13.487631978094694,S5,49,0.0,0.0,0,0.2838422260688375,0.34180854328655624,1.3877551020408163,11283,1.0,0.0,1.0,1.0,False
195,699.6479858135403,904.5651456613537,195,161,double_positive,45,25.73626315699525,20.24572631530559,S5,77,34.0,0.44155844155844154,2,0.26639952967386593,0.2548186132805099,1.0909090909090908,11752,0.3342125414787714,1.6575045838069242,0.5629528133739824,0.57859720619645,False
196,700.4080461007578,472.950046665448,196,163,double_positive,28,27.626780150706907,17.061811044849623,S5,48,17.0,0.3541666666666667,1,0.31723383568303354,0.3590606712709064,1.4166666666666667,10285,0.5747618121718842,1.1164214747273518,0.7838759940977221,0.7842544352999541,False
197,702.4666251609774,181.5531448507492,197,164,double_positive,45,33.10107769488493,21.142799607071787,S5,68,34.0,0.5,2,0.28477342849521087,0.2728232074028858,1.0,11687,0.30578370978781655,1.7557817899025248,0.5220649150348399,0.5338245135627037,False
198,711.984112780516,522.7513089381387,198,0,live_only,204,35.096781671209754,0.0,S5,257,289.0,1.1245136186770428,17,0.3004325345822256,0.16354259702859547,0.8443579766536963,6630,0.00015080681646810435,3.7429821648336623,0.0005801302050136311,0.000538888560798441,True
199,709.3880870830653,267.82214430201634,199,169,double_positive,109,221.1945663798141,8.931818168437953,S5,144,305.0,2.1180555555555554,17,0.3071060090702948,0.19256722135608817,0.8263888888888887,9800,0.00010203040506070809,6.896822247039603,0.0005396503631509923,0.0004684491978609626,True
200,708.8638934748449,466.51046812128,200,171,double_positive,40,34.43628550179257,35.04710146536057,S5,63,68.0,1.0793650793650793,4,0.2898141691846244,0.288783397716797,1.0793650793650793,10039,0.025896414342629483,3.7243350882457245,0.0670412163720368,0.06481502561183836,False
201,715.713293576006,959.9003509510331,201,0,live_only,93,96.2624690564438,0.0,S5,130,453.0,3.4846153846153847,21,0.28931950921356453,0.18258905010490428,0.7846153846153844,10194,9.808729769494851e-05,12.044177021063504,0.0005396503631509923,0.0004684491978609626,True
202,722.3026680124461,993.4717929260456,202,0,live_only,89,190.2260311028387,0.0,S5,122,152.0,1.2459016393442623,8,0.28480159544310385,0.1953690867590486,0.8360655737704917,7431,0.00013455328310010763,4.374630125950828,0.0005451155628181591,0.0004911194833153928,True
203,727.1034146774263,553.0710574417404,203,0,live_only,105,24.394302858640973,0.0,S5,136,51.0,0.375,3,0.28481214890327716,0.19668293545522542,0.8749999999999998,7686,0.3624300767529595,1.3166573176179743,0.5942753597327288,0.6045027747743352,False
204,734.1649346548937,552.6295790263908,204,175,double_positive,42,19.10269227041613,14.396260545247088,S5,66,34.0,0.5151515151515151,2,0.28317085149900423,0.28100292796206,1.0303030303030305,9008,0.2817182817182817,1.819225080634144,0.4891413807076458,0.5015959650105992,False
205,732.5547445126349,457.50942034549314,205,0,live_only,127,224.92964835712425,0.0,S5,165,406.0,2.4606060606060605,21,0.29371383525935935,0.17547968121389793,0.7212121212121212,9149,0.0001092896174863388,8.37756266548786,0.0005396503631509923,0.0004684491978609626,True
206,734.4936372564972,298.7825276579898,206,0,live_only,33,18.20739316114869,0.0,S5,55,0.0,0.0,0,0.3179435601991993,0.32135788672922017,1.2363636363636363,9310,1.0,0.0,1.0,1.0,False
207,739.2684844455043,352.80531789171795,207,0,live_only,81,218.0419919267236,0.0,S5,114,250.0,2.192982456140351,9,0.31560859987473816,0.2227903700242687,0.8947368421052632,9748,0.00010257462303826033,6.948424273010062,0.0005396503631509923,0.0004684491978609626,True
208,740.5796179772381,613.3291616670754,208,0,live_only,65,56.55483496096395,0.0,S5,93,303.0,3.2580645161290325,14,0.27194196348622834,0.23960403770841887,0.9139784946236561,9907,0.00010092854259184497,11.980734691922702,0.0005396503631509923,0.0004684491978609626,True
209,741.8871608396998,718.5032186436794,209,0,live_only,125,49.82667815944283,0.0,S5,163,102.0,0.6257668711656442,6,0.25403631214581734,0.18406117618709622,0.9386503067484657,10355,0.05648899188876014,2.4632969431805196,0.12990464978674096,0.12753700230555123,False
210,745.3646791454786,749.2904434484172,210,178,double_positive,79,54.73200558175725,4.224063770865158,S5,110,84.0,0.7636363636363637,4,0.2382428150300312,0.2082198760582617,0.9181818181818182,10701,0.027004298262007103,3.205286016873605,0.06963136152251136,0.06699948869897708,False
211,748.2831514862886,1010.3667619906338,211,0,live_only,75,153.39844205629467,0.0,S5,105,202.0,1.9238095238095239,9,0.2693723135645462,0.20395007521770786,0.8095238095238095,5639,0.0001773049645390071,7.141823516872108,0.0006429290200413418,0.0006114927123471269,True
212,753.751868714141,25.285478740158624,212,0,live_only,97,42.550231152670975,0.0,S5,132,68.0,0.5151515151515151,4,0.16293843097450314,0.14426619552749304,0.6439393939393938,6986,0.041219407471017606,3.1616329681738917,0.10023952276408767,0.09603244932077507,False
213,756.0334307957955,513.8212775630371,213,0,live_only,148,50.436652322177245,0.0,S5,192,237.0,1.234375,13,0.2633101851851852,0.1487595351825772,0.7083333333333331,7254,0.00013783597518952445,4.687912087912088,0.0005451155628181591,0.000498943447380262,True
214,756.1083249382137,87.80543991513649,214,181,double_positive,25,25.47882208863714,18.820609573720347,S5,43,0.0,0.0,0,0.20577890875108135,0.28466797569869634,1.1860465116279064,11049,1.0,0.0,1.0,1.0,False
215,759.6173272416789,589.2550905869243,215,0,live_only,121,110.14571832342914,0.0,S5,157,255.0,1.624203821656051,15,0.2761628387706193,0.17350950442195417,0.7579617834394904,9629,0.00010384215991692627,5.881326498838295,0.0005396503631509923,0.0004684491978609626,True
216,758.0447909294206,275.3032943176433,216,182,double_positive,32,26.86627220491641,30.353469296213305,S5,53,34.0,0.6415094339622641,2,0.3395104963897141,0.3456795737670165,1.2830188679245282,9590,0.27922010217912624,1.8895128156093717,0.48675869963215956,0.499177162263091,False
217,758.5582803333922,286.6606807571775,217,184,double_positive,24,24.835943498516865,6.428905621254936,S5,42,34.0,0.8095238095238095,2,0.3277929074655142,0.3684528674812823,1.2142857142857144,9652,0.1955868641872993,2.4696196625577578,0.36395432259817384,0.37085301521228176,False
218,763.0295895470842,312.13168110532723,218,185,double_positive,110,228.48618775593852,18.35348756781487,S5,147,440.0,2.993197278911565,24,0.31129877238251624,0.202844204639151,0.9183673469387753,7830,0.00012769761205465457,9.615191399578016,0.0005396503631509923,0.00047001305949528324,True
219,766.7608304398545,831.5508579487243,219,186,double_positive,35,12.60627032809441,6.417035738254059,S5,59,34.0,0.576271186440678,2,0.24384778357235984,0.28843673733477454,1.152542372881356,12064,0.2002486531288852,2.3632414369256476,0.3710321472973773,0.37805564685539533,False
220,773.4798311716867,242.9488359421788,220,0,live_only,109,233.2422214323058,0.0,S5,144,271.0,1.8819444444444444,15,0.30897851773687157,0.19647229178136655,0.8263888888888888,8529,0.00011723329425556858,6.0908585432697375,0.0005396503631509923,0.0004684491978609626,True
221,771.9185289141667,480.1521673248448,221,187,double_positive,30,19.66240975127825,21.760797211115317,S5,50,0.0,0.0,0,0.24316835659070374,0.30144431553451456,1.0200000000000002,9961,1.0,0.0,1.0,1.0,False
222,776.4815248422872,195.66973302236903,222,0,live_only,76,223.1588616823196,0.0,S5,106,136.0,1.2830188679245282,8,0.27411497211048397,0.21938449913804708,0.9622641509433961,10821,0.0016632785067455184,4.680586609502667,0.005300423152945793,0.005130394267285472,True
223,777.775201869021,736.4942804075762,223,0,live_only,101,121.96417012310394,0.0,S5,134,170.0,1.2686567164179106,10,0.2632487147101204,0.19759117779584168,0.8880597014925373,9229,0.0019501625135427952,4.819232328693068,0.006199413676629915,0.005973225041480729,True
224,779.8376818795726,753.1930996190785,224,0,live_only,75,177.00018901397476,0.0,S5,104,153.0,1.4711538461538463,9,0.2563206998941243,0.20652721339400945,0.8173076923076923,9663,0.00010347682119205298,5.739504639155247,0.0005396503631509923,0.0004684491978609626,True
225,794.3516213088519,346.58797212386736,225,194,double_positive,96,228.3499273472277,17.607096660149317,S5,130,405.0,3.1153846153846154,21,0.3115517761721316,0.21805411000071834,0.9153846153846152,8666,0.00011538017768547363,9.99957263496188,0.0005396503631509923,0.0004684491978609626,True
226,796.3711256947356,280.68322981927565,226,0,live_only,131,205.50958601576,0.0,S5,169,255.0,1.5088757396449703,15,0.3041745108315351,0.17016742940305393,0.7041420118343196,8084,0.00012368583797155226,4.960559435174535,0.0005396503631509923,0.00047001305949528324,True
227,795.6034452213726,417.2771863709434,227,0,live_only,101,168.63013011247594,0.0,S5,135,302.0,2.237037037037037,14,0.24891446991456972,0.18929132284374728,0.7555555555555555,10019,9.98003992015968e-05,8.987171528456395,0.0005396503631509923,0.0004684491978609626,True
228,794.9439333170343,525.940780172456,228,0,live_only,93,28.479942584412957,0.0,S5,130,51.0,0.3923076923076923,3,0.25568965929849474,0.19301221061967772,0.9076923076923075,9643,0.28660306926586476,1.5343119208810407,0.4956322411171022,0.5082273050139626,False
229,796.5859022371554,501.4644300136936,229,195,double_positive,37,30.07225938356435,30.08000549872396,S5,59,51.0,0.864406779661017,3,0.25694130324880926,0.27981926581983124,1.1525423728813557,10192,0.05945256548611792,3.3642188652867855,0.1359964328668341,0.1335396086303572,False
230,813.951936110815,46.61480933309131,230,0,live_only,120,133.75608148569293,0.0,S5,158,255.0,1.6139240506329113,15,0.15164685922003393,0.1381199058072119,0.5379746835443039,9423,0.00010611205432937182,10.642647391009714,0.0005396503631509923,0.0004684491978609626,True
231,815.6274690002638,704.3124488275633,231,0,live_only,118,160.895637532618,0.0,S5,156,673.0,4.314102564102564,29,0.27407730909899836,0.17770197594833112,0.7628205128205124,7838,0.00012756729174639623,15.740458698623184,0.0005396503631509923,0.00047001305949528324,True
232,819.9624288061636,361.11716518154486,232,0,live_only,38,10.943342706512633,0.0,S5,74,17.0,0.22972972972972974,1,0.28109521684539635,0.2647263002324637,1.1486486486486485,9751,0.691447908121411,0.8172665913987507,0.880343894752312,0.9177399507793274,False
233,826.4195765168887,358.55223327960533,233,0,live_only,27,10.275476674736856,0.0,S5,50,34.0,0.68,2,0.29138619509412433,0.32072733811395965,1.3599999999999997,10518,0.21209240422093356,2.3336726703210653,0.3901898557085827,0.3969934745673884,False
234,817.5187997776068,264.48710149713645,234,199,double_positive,36,19.866758203098776,12.135892036136152,S5,58,0.0,0.0,0,0.2846214488014248,0.2843943475582739,1.172413793103448,9448,1.0,0.0,1.0,1.0,False
235,820.1604901626775,989.2403647629033,235,201,double_positive,29,22.289108862203204,5.469941951998663,S5,49,17.0,0.3469387755102041,1,0.2570725540961665,0.31766693918832767,1.387755102040816,9057,0.5003311989401634,1.3495753240947697,0.7291343427251595,0.732528035643008,False
236,825.9629881360474,720.5685198602681,236,0,live_only,77,72.02529259432585,0.0,S5,107,254.0,2.3738317757009346,14,0.2558911243681209,0.18759093337252217,0.7850467289719626,8621,0.00011598237067965669,9.276725722952305,0.0005396503631509923,0.0004684491978609626,True
237,830.5221407124608,366.8371459668823,237,0,live_only,53,12.698883869505424,0.0,S5,87,34.0,0.39080459770114945,2,0.2730871168870712,0.22917658017451412,0.9770114942528733,9966,0.4008227149593659,1.4310620074500167,0.6326471011807866,0.631717166124165,False
238,834.1429880446207,361.4909450043827,238,0,live_only,22,11.986868884973036,0.0,S5,36,17.0,0.4722222222222222,1,0.2928251443601915,0.3744696121723015,1.4166666666666667,10814,0.459546925566343,1.6126423270583694,0.6946764131230151,0.6915064781099162,False
239,827.3345421622024,687.2934567160482,239,202,double_positive,29,32.58377633780982,29.063095095259253,S5,48,51.0,1.0625,3,0.2804909332525905,0.3132451362537751,1.0625,9908,0.036431526894742154,3.7880012294129553,0.09054036647440418,0.08865004877720592,False
240,837.0075025035703,753.5804488173609,240,0,live_only,99,216.78937336657103,0.0,S5,133,221.0,1.6616541353383458,13,0.263820806745742,0.1751785529700361,0.7593984962406019,9516,0.00010507512871703268,6.298419581969399,0.0005396503631509923,0.0004684491978609626,True
241,834.4621250168573,207.44613687042127,241,203,double_positive,34,32.62781520836424,25.347977265955905,S5,56,51.0,0.9107142857142857,3,0.2457239726221116,0.2675176610017999,0.9107142857142857,10102,0.04374938137186974,3.7062492356610006,0.10547016289835512,0.10138745524274574,False
242,839.4173579839412,383.0837101347237,242,0,live_only,32,14.107297948183229,0.0,S5,55,0.0,0.0,0,0.2713919239904988,0.28941929105384234,1.2181818181818183,10525,1.0,0.0,1.0,1.0,False
243,850.3700353161897,249.47802146970167,243,0,live_only,98,41.05857774897265,0.0,S5,135,186.0,1.3777777777777778,10,0.23973946251321623,0.1657654600855558,0.6296296296296298,9388,0.00010650761529449355,5.7469795057283255,0.0005396503631509923,0.0004684491978609626,True
244,851.0158380160666,507.089468588335,244,0,live_only,110,187.2821206353311,0.0,S5,146,371.0,2.541095890410959,19,0.29161098716084555,0.21186606657857424,0.8150684931506854,9308,0.0001074229240519927,8.713992278381994,0.0005396503631509923,0.0004684491978609626,True
245,858.6482062151557,606.0407503800042,245,0,live_only,115,205.49721623889812,0.0,S5,152,372.0,2.4473684210526314,19,0.3002778339582329,0.18178275924006637,0.7828947368421053,10149,9.852216748768474e-05,8.15034659332546,0.0005396503631509923,0.0004684491978609626,True
246,861.6697838055122,668.5829078198738,246,0,live_only,134,224.1573988348883,0.0,S5,173,908.0,5.2485549132947975,40,0.2748851567272898,0.1680846977814587,0.6878612716763007,7872,0.00012701638511367967,19.09362795642627,0.0005396503631509923,0.00047001305949528324,True
247,863.8326386176512,388.2750913605896,247,0,live_only,126,218.79374519300072,0.0,S5,164,542.0,3.3048780487804876,30,0.2771233231557412,0.1725100637311731,0.7256097560975611,10169,9.832841691248771e-05,11.925658263426538,0.0005396503631509923,0.0004684491978609626,True
248,862.6716216571496,687.5723532389651,248,0,live_only,52,17.62080021627574,0.0,S5,83,152.0,1.8313253012048192,8,0.29668545805670415,0.24409933561196845,1.0240963855421683,8179,0.00012224938875305622,6.172615648909918,0.0005396503631509923,0.00046969501994595283,True
249,862.1166386684779,921.8039488395132,249,0,live_only,90,54.17916965226006,0.0,S5,123,305.0,2.4796747967479673,16,0.2636429972290977,0.2357377328359205,1.105691056910569,10061,9.938382031405287e-05,9.405426363717167,0.0005396503631509923,0.0004684491978609626,True
250,870.3625796946758,743.2084025068614,250,0,live_only,119,155.87819337188125,0.0,S5,157,68.0,0.43312101910828027,4,0.26090767070041787,0.15800745781760958,0.6496815286624203,8721,0.21680807154322404,1.6600547540267723,0.39661504766087674,0.4023810819319158,False
251,872.6762917177521,112.73939384693196,251,0,live_only,93,51.53356792378448,0.0,S5,125,186.0,1.488,10,0.1446231479129625,0.15087378736799778,0.5440000000000002,11811,8.465966813410092e-05,10.288809374385298,0.0005396503631509923,0.0004684491978609626,True
252,871.2171165769626,814.8482721410169,252,209,double_positive,31,17.428688162561496,15.939753843604407,S5,51,0.0,0.0,0,0.262729062547327,0.2899280239630246,1.0,11005,1.0,0.0,1.0,1.0,False
253,873.2608634557243,951.4526829719332,253,0,live_only,94,124.25554529413888,0.0,S5,128,254.0,1.984375,14,0.26043861874284524,0.22497027858381924,1.0625,9609,0.0001040582726326743,7.61935771883107,0.0005396503631509923,0.0004684491978609626,True
254,874.6912654407848,523.1406719630055,254,214,double_positive,108,230.83870806997305,18.774114250787463,S5,151,489.0,3.23841059602649,24,0.33036299890214965,0.20388238612259152,0.9006622516556292,9350,0.00010694043417816276,9.802582634218295,0.0005396503631509923,0.0004684491978609626,True
255,882.149134998719,471.3235801196601,255,0,live_only,120,89.86443902336478,0.0,S5,158,153.0,0.9683544303797469,9,0.30559656050485295,0.1943413258985651,0.8607594936708861,9604,0.005934409161894846,3.168734716058328,0.01761310911436525,0.016988700737973483,True
256,884.7916389547783,903.105221351221,256,0,live_only,75,105.43274303168236,0.0,S5,107,186.0,1.7383177570093458,10,0.23183879648046324,0.20526871384228212,0.794392523364486,10013,9.986019572598362e-05,7.49795885502637,0.0005396503631509923,0.0004684491978609626,True
257,892.2833423320541,250.77607313361392,257,0,live_only,118,135.89295263192523,0.0,S5,138,304.0,2.2028985507246377,16,0.24415175993376334,0.16686126500645318,0.7391304347826086,10415,9.600614439324117e-05,9.022660952033558,0.0005396503631509923,0.0004684491978609626,True
258,893.4620439170561,532.2004981376047,258,0,live_only,108,149.8029008453297,0.0,S5,144,305.0,2.1180555555555554,17,0.338795337624735,0.1991709959282476,0.9375,8596,0.00011631964638827499,6.251725807105436,0.0005396503631509923,0.0004684491978609626,True
259,896.3602705565585,666.50323863212,259,219,double_positive,38,18.62561380454948,13.52565191722074,S5,61,0.0,0.0,0,0.2712722872443341,0.27525047000383096,1.1147540983606554,9998,1.0,0.0,1.0,1.0,False
260,900.8694779346752,686.3215656747677,260,0,live_only,94,22.18705350746817,0.0,S5,134,169.0,1.2611940298507462,9,0.255907073506654,0.17850137914321743,0.7611940298507461,8767,0.00011405109489051095,4.928328133211813,0.0005396503631509923,0.0004684491978609626,True
261,904.6195906411084,729.9848422150365,261,0,live_only,126,122.324668924038,0.0,S5,165,356.0,2.1575757575757577,20,0.2528247909205759,0.15100885378127737,0.6181818181818182,8707,0.00011483693155718879,8.533877353244023,0.0005396503631509923,0.0004684491978609626,True
262,905.497075048754,916.726239231611,262,221,double_positive,30,21.641291703086097,19.0954408093322,S5,49,17.0,0.3469387755102041,1,0.253982605700508,0.3220826771085555,1.387755102040816,10428,0.5034039696998753,1.3659942363112394,0.7303299202469108,0.732528035643008,False
263,907.3401005831104,321.5483560034908,263,222,double_positive,29,18.55918010585456,22.986437999991846,S5,48,17.0,0.3541666666666667,1,0.2539355697059185,0.29866367561806834,1.0625,10836,0.5132416720494601,1.3947107412987683,0.739638276275722,0.7419137041507048,False
264,913.349082025676,779.9223888940612,264,0,live_only,131,198.94486549292924,0.0,S5,170,355.0,2.088235294117647,19,0.2743708609271523,0.15885703426682388,0.7,9060,0.00011036309458117205,7.6109951583819635,0.0005396503631509923,0.0004684491978609626,True
265,914.3114631904732,952.4480092569278,265,0,live_only,99,217.55822524803017,0.0,S5,134,288.0,2.1492537313432836,16,0.22432751313120808,0.18071536543589825,0.761194029850746,9184,0.00010887316276537834,9.580874415909008,0.0005396503631509923,0.0004684491978609626,True
266,915.9444925520876,1014.1309905405562,266,0,live_only,24,13.47109931434607,0.0,S5,42,33.0,0.7857142857142857,1,0.21692089805205358,0.2920444589956549,0.992380952380786,6153,0.1067598310042249,3.6221235149309643,0.22405744468038785,0.2248115672108197,False
267,920.0496303324384,420.96410339408834,267,0,live_only,100,216.5258053338413,0.0,S5,134,288.0,2.1492537313432836,16,0.2441732858824644,0.17801225275448335,0.7611940298507462,11030,9.065361254645998e-05,8.80216573887551,0.0005396503631509923,0.0004684491978609626,True
268,919.624656214156,600.133053236383,268,224,double_positive,37,20.860184691537924,18.10687745031028,S5,58,34.0,0.5862068965517241,2,0.286338721987095,0.2856013537267231,1.172413793103448,10437,0.2606821230120713,2.0472498182699295,0.4612615464483717,0.4718130986747406,False
269,921.4870898465716,796.544845658855,269,0,live_only,43,24.7757299193702,0.0,S5,66,68.0,1.0303030303030303,4,0.259769515185179,0.26014108278427095,1.0303030303030303,10802,0.02230861797648801,3.966219937580319,0.05857141197470638,0.05680915507966133,False
270,922.8205492400796,816.2911098583502,270,0,live_only,27,21.42825651000227,0.0,S5,46,34.0,0.7391304347826086,2,0.23860780306767201,0.3033286284771339,1.108695652173913,11106,0.14225263347438552,3.0976792262446775,0.280397668109845,0.283212061189913,False
271,926.7583909854628,381.8753600709195,271,0,live_only,59,14.55576538896072,0.0,S5,88,84.0,0.9545454545454546,4,0.22675644641594117,0.2249604977083792,0.9659090909090906,10411,0.016039185555128697,4.209562592961632,0.04379541824210931,0.04232026068160464,True
272,940.300994271084,278.25321556437353,272,230,double_positive,33,27.02619072237007,23.702624146740835,S5,53,68.0,1.2830188679245282,4,0.20136147748091934,0.2614434003427293,0.9622641509433962,10865,0.004785569666850727,6.371719576035117,0.014502065088564003,0.013973863427204124,True
273,940.7862509886332,584.5481697365385,273,234,double_positive,32,14.801349923119144,23.991894954228087,S5,53,34.0,0.6415094339622641,2,0.27753985289884975,0.29311772313963474,0.9622641509433965,10882,0.213268400257282,2.311413756481539,0.39124344431922875,0.39749599707527455,False
274,948.2579035589572,514.3432118634865,274,0,live_only,80,20.606563199882693,0.0,S5,112,169.0,1.5089285714285714,9,0.280241145809795,0.21151258287914704,0.9107142857142857,9483,0.00010544074230282581,5.384393384020454,0.0005396503631509923,0.0004684491978609626,True
275,952.3799402676376,337.3298402611651,275,0,live_only,82,52.633793523154,0.0,S5,113,204.0,1.8053097345132743,12,0.23264926236546973,0.22124604111176316,1.0442477876106202,10326,9.683354313934346e-05,7.759791353549643,0.0005396503631509923,0.0004684491978609626,True
276,962.7181153753312,243.12818132416712,276,238,double_positive,35,19.328558953404677,16.315051124088267,S5,57,0.0,0.0,0,0.1821225471532776,0.23215376896331757,0.8947368421052632,11612,1.0,0.0,1.0,1.0,False
277,965.5843424458968,698.4456925390082,277,241,double_positive,40,11.164356092158974,22.94124910313261,S5,62,0.0,0.0,0,0.24036056930700683,0.24631867559670115,1.0967741935483866,10487,1.0,0.0,1.0,1.0,False
278,967.4105302554628,556.4108754306308,278,242,double_positive,25,17.496754150352373,10.33169849489125,S5,43,17.0,0.3953488372093023,1,0.36526575453011517,0.7141211216650041,1.976744186046511,10144,0.548743223262691,1.082359439137366,0.7694269844018489,0.7703510634264701,False
279,975.3586319702788,508.9340378934604,279,243,double_positive,28,28.522801983594544,19.56194330641418,S5,47,51.0,1.0851063829787233,3,0.28154511320969394,0.31827215370813106,1.0851063829787237,9350,0.03978184151427655,3.854111941806425,0.0975494377522337,0.09319078509463653,False
280,979.7667141157106,480.9493722935782,280,0,live_only,94,220.1894400705836,0.0,S5,127,136.0,1.0708661417322836,8,0.2599595554941597,0.19288061444053317,0.8031496062992126,8208,0.0009745401388719698,4.119356719535327,0.0032080674114643272,0.003115683071722064,True
281,1003.8651012004174,316.5575404766059,281,246,double_positive,33,32.00237447986196,29.438139998853647,S5,54,17.0,0.3148148148148148,1,0.2062763047138047,0.32189550640270914,1.2592592592592593,7040,0.43175685271978415,1.5261802137264404,0.6642807093446739,0.6590773324644292,False
282,1008.9823001590828,384.2486347913364,282,0,live_only,115,217.18211729134495,0.0,S5,152,456.0,3.0,24,0.21972310069862105,0.19295707402604392,1.1184210526315785,6607,0.0001513317191283293,13.653548445572376,0.0005801302050136311,0.000538888560798441,True
283,1013.1435142022484,452.6076447597031,283,247,double_positive,33,25.57611410802154,28.153655462704297,S5,54,51.0,0.9444444444444444,3,0.24294987181585118,0.28061392196829493,0.9444444444444444,6111,0.0487565445026178,3.887404580152672,0.11525534135203105,0.11180820152956333,False
284,11.91086022465505,130.3524549559333,0,1,dead_only,20,0.0,8.852098693141283,S5,36,0.0,0.0,0,0.20490440565253534,0.2966590595535915,0.9444444444444444,6015,1.0,0.0,1.0,1.0,False
285,26.590096897549497,159.19110604551977,0,2,dead_only,24,0.0,11.811629997603074,S5,41,0.0,0.0,0,0.22551835796730557,0.2965126409919916,1.24390243902439,7939,1.0,0.0,1.0,1.0,False
286,34.19365729673309,830.9262485069195,0,3,dead_only,36,0.0,5.153597554059095,S5,58,17.0,0.29310344827586204,1,0.1600886228621514,0.2078056742313265,0.8620689655172412,9206,0.433365917236885,1.8308824389616158,0.6651782185280946,0.6590773324644292,False
287,39.99847499318245,689.9789125612248,0,5,dead_only,21,0.0,13.132681387685992,S5,37,17.0,0.4594594594594595,1,0.2341421928671622,0.3329074879399783,1.378378378378378,9788,0.3952395546021044,1.9623095429029673,0.6297613050601097,0.6295088178753517,False
288,74.03345482546176,772.5537502591204,0,7,dead_only,35,0.0,19.652516306640265,S5,56,17.0,0.30357142857142855,1,0.1984362508781705,0.2410927762557575,0.9107142857142856,11794,0.4852055955913523,1.5298184037845262,0.715940452197934,0.7179731448277442,False
289,78.97893316840855,743.8197921680074,0,8,dead_only,27,0.0,5.339767294523708,S5,45,17.0,0.37777777777777777,1,0.21900970243888054,0.2948370119380419,1.1333333333333333,11303,0.4272823779193206,1.7249362634205896,0.6596004094767814,0.6566655492233769,False
290,77.85018776898895,782.5538317799114,0,9,dead_only,21,0.0,5.697473915073911,S5,38,17.0,0.4473684210526316,1,0.19130920215260253,0.28725816100508883,0.8947368421052632,11785,0.351433904632615,2.3384574083152416,0.5828776123626549,0.6012814462073647,False
291,91.18787678616556,412.1456349350384,0,11,dead_only,24,0.0,11.554882632204954,S5,42,17.0,0.40476190476190477,1,0.26330737517178193,0.35996981181714804,1.2142857142857142,10915,0.46848662513741296,1.5372220565331214,0.6984220147163501,0.6979494619394111,False
292,99.89070664868348,402.7146822644615,0,14,dead_only,21,0.0,9.57508100338548,S5,38,0.0,0.0,0,0.2635722968425071,0.38104895592397336,1.3421052631578945,10478,1.0,0.0,1.0,1.0,False
293,101.46283386366775,524.2699543556024,0,15,dead_only,17,0.0,6.463703328662174,S5,32,0.0,0.0,0,0.2626381851681253,0.40557845293016714,1.5937499999999996,10855,1.0,0.0,1.0,1.0,False
294,104.22020280457252,106.3947504891822,0,16,dead_only,25,0.0,5.277501848012113,S5,42,17.0,0.40476190476190477,1,0.24613861465995615,0.3144799581236713,1.2142857142857142,11808,0.46100431873994413,1.6444469930940695,0.696068220495585,0.6915064781099162,False
295,103.69735448252138,545.3256186768333,0,17,dead_only,23,0.0,13.317804758239788,S5,40,0.0,0.0,0,0.2759253861847858,0.3722878423124714,1.275,10293,1.0,0.0,1.0,1.0,False
296,113.13915516735746,794.9761653668453,0,20,dead_only,22,0.0,14.14331281378383,S5,39,0.0,0.0,0,0.195134111749685,0.2913408948391576,1.2820512820512813,11417,1.0,0.0,1.0,1.0,False
297,139.0601986579596,510.5529927415259,0,21,dead_only,44,0.0,18.011298271372677,S5,72,34.0,0.4722222222222222,2,0.25904798455562533,0.24413968639129868,0.9444444444444444,9554,0.30591313448456303,1.8229140945924711,0.5220649150348399,0.5338245135627037,False
298,145.6750565923158,59.94819432022889,0,22,dead_only,19,0.0,7.0747872935259055,S5,35,0.0,0.0,0,0.23271531919662314,0.3265862850551363,1.4571428571428564,11473,1.0,0.0,1.0,1.0,False
299,154.83650126643693,370.69011727055727,0,23,dead_only,21,0.0,10.24559619655739,S5,37,0.0,0.0,0,0.27940043047339186,0.33892258654891716,1.3783783783783778,10485,1.0,0.0,1.0,1.0,False
300,159.00558611238264,52.24370161953129,0,24,dead_only,27,0.0,27.4496176151314,S5,46,0.0,0.0,0,0.2256813653845392,0.2810831451397467,1.1086956521739129,10977,1.0,0.0,1.0,1.0,False
301,164.04555860037274,363.0677730516941,0,25,dead_only,23,0.0,6.90602300247449,S5,41,68.0,1.6585365853658536,4,0.28004255410093776,0.3178676148484926,1.2439024390243898,10271,0.001557632398753894,5.922444860890875,0.0049882696819353095,0.004838602770597202,True
302,168.7522243045365,79.14627372208015,0,26,dead_only,26,0.0,8.692965776518255,S5,44,0.0,0.0,0,0.24372658884968681,0.29822473451811954,1.1590909090909087,11698,1.0,0.0,1.0,1.0,False
303,169.47542155389996,5.052534174627381,0,27,dead_only,19,0.0,13.92601990132687,S5,36,0.0,0.0,0,0.19264705882352942,0.27974200261547955,0.9444444444444444,5780,1.0,0.0,1.0,1.0,False
304,171.35661335728457,559.9289393113218,0,28,dead_only,28,0.0,13.41171979714575,S5,47,34.0,0.723404255319149,2,0.28199827255934873,0.31886945537972405,1.0851063829787233,9952,0.18386416155932886,2.5652790308029383,0.3471205495523283,0.3532127314166054,False
305,171.9443031072262,408.6885676110852,0,29,dead_only,14,0.0,4.0530943457448405,S5,28,0.0,0.0,0,0.24480144507026227,0.37126069611821305,1.2142857142857142,10044,1.0,0.0,1.0,1.0,False
306,176.77170009968896,166.43673679775958,0,31,dead_only,17,0.0,4.576677257124603,S5,30,17.0,0.5666666666666667,1,0.2872276213417504,0.4005074948033433,1.699999999999999,12039,0.3995016611295681,1.9728836106344831,0.6322065089626799,0.631717166124165,False
307,191.9999044063785,370.4298134441761,0,34,dead_only,25,0.0,16.21954440774414,S5,43,17.0,0.3953488372093023,1,0.27534424888658365,0.3054980535436725,1.186046511627907,9326,0.5294306851077517,1.4358347370899671,0.7537558711138902,0.7528916885623222,False
308,194.21204467512413,801.6151849665736,0,35,dead_only,15,0.0,4.786578115170253,S5,31,0.0,0.0,0,0.2154510596247065,0.3589292049317083,1.6451612903225799,11719,1.0,0.0,1.0,1.0,False
309,210.058386639374,937.9862938881452,0,39,dead_only,15,0.0,4.285068249466007,S5,31,0.0,0.0,0,0.2181907550658918,0.34580187762867326,1.096774193548387,10763,1.0,0.0,1.0,1.0,False
310,211.3350400869508,268.0055024161707,0,40,dead_only,13,0.0,4.127255053278516,S5,27,17.0,0.6296296296296297,1,0.2816713622747308,0.4166398931800788,1.2592592592592595,10806,0.3631905246599426,2.2353342013360753,0.5947703415201333,0.6045027747743352,False
311,212.94097662012788,5.450059443883551,0,41,dead_only,22,0.0,10.107465096401146,S5,38,0.0,0.0,0,0.22472287684385092,0.2960062233419109,0.8947368421052634,6030,1.0,0.0,1.0,1.0,False
312,220.95379136188305,13.388688310631483,0,42,dead_only,18,0.0,9.581667509687737,S5,34,17.0,0.5,1,0.21198022681011922,0.31176644700821926,1.0,6878,0.35877307748219217,2.358710562414266,0.5897701920081156,0.6045027747743352,False
313,220.6924108565411,112.66266338248604,0,43,dead_only,22,0.0,4.829852049692628,S5,39,0.0,0.0,0,0.2948299719667042,0.33834432176519325,1.3076923076923073,10729,1.0,0.0,1.0,1.0,False
314,261.0510147503183,136.78437404744096,0,50,dead_only,25,0.0,14.025095576505215,S5,43,0.0,0.0,0,0.25290671148487914,0.30967486361169405,1.1860465116279066,10959,1.0,0.0,1.0,1.0,False
315,269.68966037328704,325.73127866230743,0,52,dead_only,20,0.0,4.0933472134454325,S5,38,34.0,0.8947368421052632,2,0.26822790922259776,0.3415476974795171,1.3421052631578945,9810,0.11680766486596678,3.335733573357336,0.24201204685488642,0.24362741529187357,False
316,282.734786885614,476.8271762908914,0,54,dead_only,33,0.0,7.356832037750522,S5,54,0.0,0.0,0,0.2970021250758955,0.3361245791794494,1.5740740740740735,9760,1.0,0.0,1.0,1.0,False
317,297.93806949720766,7.447717565843166,0,57,dead_only,25,0.0,6.101048454659268,S5,44,0.0,0.0,0,0.2028488328734432,0.28577454585468093,1.159090909090909,6095,1.0,0.0,1.0,1.0,False
318,306.33754859612736,119.02503276086338,0,58,dead_only,31,0.0,16.35563819576167,S5,50,34.0,0.68,2,0.22935956933358084,0.26460877159997714,1.0199999999999998,10774,0.14375870069605567,2.964777105118327,0.28229572096065614,0.28491543395869856,False
319,309.480648693127,702.301465644113,0,60,dead_only,14,0.0,7.824066117209633,S5,28,0.0,0.0,0,0.24649446938603564,0.38752163573777787,1.2142857142857146,11869,1.0,0.0,1.0,1.0,False
320,313.6909296562273,608.1819476076095,0,61,dead_only,25,0.0,14.290381881724182,S5,44,0.0,0.0,0,0.231014088925385,0.29100993645294493,1.1590909090909087,9853,1.0,0.0,1.0,1.0,False
321,327.65587954858233,692.334935675084,0,64,dead_only,18,0.0,4.580808367864397,S5,35,0.0,0.0,0,0.2500969387755102,0.3422541854828215,1.4571428571428566,11200,1.0,0.0,1.0,1.0,False
322,331.99186154022783,65.55140151076999,0,65,dead_only,16,0.0,5.164162961050319,S5,30,17.0,0.5666666666666667,1,0.22631857470453343,0.3567780417126628,1.1333333333333333,11338,0.3290413616721051,2.5038451545856066,0.5559883246088675,0.5719052238586588,False
323,349.5866544921884,175.12537161271052,0,69,dead_only,12,0.0,4.862584869970607,S5,26,0.0,0.0,0,0.23504234491088608,0.38710014051832786,1.3076923076923077,10954,1.0,0.0,1.0,1.0,False
324,352.84422571991587,183.12152229132,0,70,dead_only,25,0.0,14.99777409916426,S5,43,34.0,0.7906976744186046,2,0.2368298388702756,0.3000960775993066,1.1860465116279066,10627,0.11977794505080919,3.338674206723217,0.2469825035467401,0.24746575439742652,False
325,353.0832289663514,714.9139295067879,0,72,dead_only,23,0.0,8.749712882234922,S5,40,0.0,0.0,0,0.2485862435738344,0.32182920321433617,1.2749999999999997,11282,1.0,0.0,1.0,1.0,False
326,353.7015648146209,924.9589975050056,0,73,dead_only,26,0.0,6.707059572427474,S5,46,34.0,0.7391304347826086,2,0.1968486462494452,0.28009104083332065,1.1086956521739126,11265,0.09399964494940528,3.754815940395078,0.20118405857983276,0.2028169679203917,False
327,362.07640758762335,799.4797161498119,0,74,dead_only,28,0.0,4.364514264257413,S5,48,34.0,0.7083333333333334,2,0.252071843042629,0.3373314854471366,1.4166666666666663,11604,0.15208961654459285,2.810045440948135,0.2970786636420737,0.29955228893798,False
328,369.3876122572098,221.42169769414733,0,76,dead_only,15,0.0,4.893892512915418,S5,29,0.0,0.0,0,0.29614777484729343,0.4105084966662767,1.7586206896551715,10551,1.0,0.0,1.0,1.0,False
329,369.9408489332762,486.5218737502353,0,77,dead_only,13,0.0,4.200019591851564,S5,26,17.0,0.6538461538461539,1,0.29268402154398565,0.478709390330254,1.961538461538461,11140,0.3413517637554977,2.2339660033265307,0.5697982465777097,0.5875316107751511,False
330,376.669173237635,717.9931763757556,0,79,dead_only,30,0.0,17.998782128552257,S5,50,0.0,0.0,0,0.2828251081486713,0.31254651732740163,1.3399999999999996,11327,1.0,0.0,1.0,1.0,False
331,381.1832232735852,817.7811872105106,0,80,dead_only,23,0.0,13.49029265836244,S5,41,0.0,0.0,0,0.2402352821865017,0.3211556321490867,1.2439024390243902,12025,1.0,0.0,1.0,1.0,False
332,384.9681584937561,173.50720152249644,0,81,dead_only,24,0.0,7.683924903331285,S5,42,0.0,0.0,0,0.26469928630792977,0.32408014377531347,1.214285714285714,10829,1.0,0.0,1.0,1.0,False
333,386.1908590127732,321.22539790666127,0,82,dead_only,25,0.0,11.5399352084325,S5,44,0.0,0.0,0,0.28239004781241817,0.3195913692083543,1.1590909090909092,11104,1.0,0.0,1.0,1.0,False
334,386.3947933359951,731.3107755011209,0,83,dead_only,22,0.0,4.989472028995146,S5,40,34.0,0.85,2,0.26409146554739416,0.3416862439664136,1.275,11436,0.12477048176969485,3.2185818585169614,0.2552481306865839,0.2541835861168667,False
335,391.2982175668766,479.0552929123426,0,86,dead_only,25,0.0,6.830522827041969,S5,44,0.0,0.0,0,0.2758137673425827,0.3411017910362335,1.5454545454545447,11244,1.0,0.0,1.0,1.0,False
336,393.0974025885972,345.0924159208979,0,87,dead_only,22,0.0,17.532917584532765,S5,38,17.0,0.4473684210526316,1,0.25366578993190797,0.3282331103938893,1.3421052631578942,11486,0.441194393662401,1.763613537216507,0.6747985006841204,0.668661399391459,False
337,399.55696378345743,540.8878221639939,0,88,dead_only,30,0.0,16.23274898525869,S5,50,17.0,0.34,1,0.25740991601192087,0.3150000166860518,1.3599999999999997,11073,0.5182409246884595,1.320850436796127,0.7443615496355835,0.7466760691235041,False
338,400.3445150999362,495.1998713847993,0,89,dead_only,20,0.0,9.979267372942155,S5,36,17.0,0.4722222222222222,1,0.2844494796911715,0.3754008256203088,1.4166666666666667,11254,0.4506441581519325,1.660126862369081,0.6857657834190903,0.6806280733467118,False
339,401.89947360270855,5.405755003548028,0,90,dead_only,18,0.0,6.171797878555828,S5,34,0.0,0.0,0,0.2522709163346613,0.35341927847105353,1.4999999999999996,6275,1.0,0.0,1.0,1.0,False
340,418.2568160579252,1016.1837100365068,0,91,dead_only,13,0.0,4.7986371195874025,S5,27,0.0,0.0,0,0.1804558226662504,0.33579547921926384,1.2592592592592593,6406,1.0,0.0,1.0,1.0,False
341,423.7411566840773,958.9372669755104,0,92,dead_only,22,0.0,8.785554722504102,S5,39,17.0,0.4358974358974359,1,0.18081556447232075,0.277086484354625,0.871794871794872,11234,0.34205607476635513,2.4107296137339054,0.5702400115320856,0.5875316107751511,False
342,436.45045284805184,732.2888326557418,0,93,dead_only,15,0.0,6.224559612300821,S5,30,0.0,0.0,0,0.27512370670265407,0.41176737343449255,1.6999999999999995,11115,1.0,0.0,1.0,1.0,False
343,440.23057825330886,602.0104369391461,0,94,dead_only,22,0.0,7.259856688290181,S5,38,0.0,0.0,0,0.25947339692024823,0.42114312078020594,1.7894736842105252,10992,1.0,0.0,1.0,1.0,False
344,440.0183297893751,765.5719180301109,0,95,dead_only,17,0.0,6.74061939719993,S5,32,0.0,0.0,0,0.2625999314755596,0.3870177568522132,1.5937499999999996,10945,1.0,0.0,1.0,1.0,False
345,456.8623573403474,442.4977292575184,0,99,dead_only,27,0.0,5.607206427057608,S5,46,17.0,0.3695652173913043,1,0.2864791821227957,0.31883647267558557,1.1086956521739133,10666,0.5512327739758133,1.29002468749333,0.7712501702768391,0.7706381789569388,False
346,457.7145817100116,421.0087319200487,0,100,dead_only,15,0.0,5.55928052026139,S5,29,34.0,1.1724137931034482,2,0.2701399277236786,0.38854721195112674,1.1724137931034486,10811,0.07103218645948946,4.340024086712163,0.15837784752244763,0.15792942979317962,False
347,462.6806302589548,577.8481663184773,0,103,dead_only,26,0.0,14.785475069084754,S5,45,0.0,0.0,0,0.30664028411973615,0.4169958194022925,1.511111111111111,10950,1.0,0.0,1.0,1.0,False
348,473.2669280740226,643.2256461715033,0,105,dead_only,26,0.0,10.03017956604618,S5,44,0.0,0.0,0,0.28509607245640767,0.3411610521970619,1.1590909090909092,10740,1.0,0.0,1.0,1.0,False
349,477.10782576871,396.8534223486007,0,106,dead_only,19,0.0,8.404389721480031,S5,35,0.0,0.0,0,0.2984035600464099,0.3643726240995586,1.4571428571428566,9727,1.0,0.0,1.0,1.0,False
350,480.3892935809414,776.590898701246,0,108,dead_only,22,0.0,10.299722817070151,S5,38,17.0,0.4473684210526316,1,0.24036035751341728,0.34067637983855525,1.3421052631578947,9993,0.4083450070042025,1.8612404544607934,0.6404153253741846,0.6410577529313287,False
351,488.0289690106659,203.39032654141303,0,109,dead_only,25,0.0,9.665879668518542,S5,44,0.0,0.0,0,0.2979566490824946,0.3645595817448232,1.5454545454545447,11236,1.0,0.0,1.0,1.0,False
352,490.5142783251208,667.6018513926729,0,110,dead_only,30,0.0,17.858450846899014,S5,42,51.0,1.2142857142857142,3,0.2703577469445893,0.347051106072393,1.2142857142857142,11233,0.039522876980594625,4.491403438624549,0.09726977503573289,0.09319078509463653,False
353,498.1729476649802,755.8097821013555,0,111,dead_only,22,0.0,8.858792331555925,S5,39,0.0,0.0,0,0.2227505256881022,0.32809554476257935,1.3076923076923077,9804,1.0,0.0,1.0,1.0,False
354,517.4998845366903,428.9306744461147,0,113,dead_only,30,0.0,7.807334806102028,S5,49,17.0,0.3469387755102041,1,0.31914516148322974,0.3199747500704873,1.0408163265306127,10238,0.6218380701240356,1.0870876873012998,0.8255107235935253,0.8380463837363926,False
355,516.8505468134247,703.5521218523847,0,114,dead_only,23,0.0,14.414213496011236,S5,40,0.0,0.0,0,0.25055711568076816,0.3395403834867826,1.275,11039,1.0,0.0,1.0,1.0,False
356,541.4652052153208,65.87635742385882,0,115,dead_only,25,0.0,9.093844766647855,S5,43,34.0,0.7906976744186046,2,0.3499119557957375,0.39355691615124266,1.581395348837209,11490,0.2254808110695327,2.2597046523331072,0.40901903770235515,0.4132242479014867,False
357,546.7544318607048,146.7551510775845,0,117,dead_only,25,0.0,20.45407745057096,S5,42,0.0,0.0,0,0.3133632575336029,0.3751830688620834,1.2142857142857149,11553,1.0,0.0,1.0,1.0,False
358,547.6565055798601,943.4261307674312,0,118,dead_only,17,0.0,7.993195260887772,S5,33,0.0,0.0,0,0.21674432043919528,0.3225965747964666,1.0303030303030303,10068,1.0,0.0,1.0,1.0,False
359,554.2713064869388,643.6408404226779,0,119,dead_only,15,0.0,4.291268144183542,S5,29,0.0,0.0,0,0.29156275587056935,0.4132286417070241,1.758620689655172,11034,1.0,0.0,1.0,1.0,False
360,554.8870468152069,393.5060896184253,0,120,dead_only,18,0.0,11.634087359251996,S5,29,51.0,1.7586206896551724,3,0.3263019935587462,0.43291569804205055,1.758620689655172,11103,0.01828170028818444,5.389549326607338,0.048889412935619006,0.04710226309543991,True
361,558.6305543833906,710.7299272074456,0,124,dead_only,17,0.0,6.500303816434284,S5,32,17.0,0.53125,1,0.25652798031352536,0.37935172627663405,1.5937499999999993,10972,0.3695434247698897,2.070924190611538,0.5989167265246632,0.6045027747743352,False
362,566.788638871852,364.1510505435659,0,126,dead_only,15,0.0,4.464304601874079,S5,30,0.0,0.0,0,0.3179445035289568,0.43562837174703006,1.7,10343,1.0,0.0,1.0,1.0,False
363,573.5990382508712,829.4012900207795,0,128,dead_only,24,0.0,12.893594937140564,S5,41,34.0,0.8292682926829268,2,0.2662409345295456,0.33429367553361916,1.2439024390243902,10782,0.13345080218863026,3.1147287480351755,0.2674479099281047,0.2693615269982491,False
364,587.1251969706586,302.35450127339465,0,131,dead_only,27,0.0,11.30017879936949,S5,45,0.0,0.0,0,0.28957838603507896,0.3385626862378938,1.5111111111111104,10668,1.0,0.0,1.0,1.0,False
365,591.7812033962953,357.6751773178805,0,132,dead_only,26,0.0,13.330164778681189,S5,45,0.0,0.0,0,0.3230333142238359,0.3577371462562151,1.5111111111111104,10466,1.0,0.0,1.0,1.0,False
366,593.5610044259666,597.7728317042948,0,134,dead_only,28,0.0,13.186842681013724,S5,48,0.0,0.0,0,0.29063694405837387,0.341535664646004,1.4166666666666663,11512,1.0,0.0,1.0,1.0,False
367,593.4270235796288,498.5028717934052,0,135,dead_only,14,0.0,4.896334459684439,S5,27,0.0,0.0,0,0.2912501702527714,0.44114980328923015,1.8888888888888877,11149,1.0,0.0,1.0,1.0,False
368,595.8441265885847,968.5785627206516,0,136,dead_only,18,0.0,7.077837566660538,S5,33,17.0,0.5151515151515151,1,0.23903587571155702,0.34943493680554344,1.5454545454545452,9614,0.37410296411856475,2.1551221699170586,0.6042484987070716,0.609134194364057,False
369,604.1176983794097,942.1579167664936,0,137,dead_only,19,0.0,7.992411747114178,S5,34,17.0,0.5,1,0.2274167177600654,0.33232186604173486,1.0749999999998183,9786,0.36987841013589456,2.1986070545944734,0.5989167265246632,0.6045027747743352,False
370,606.4080164211853,730.4636071405907,0,138,dead_only,27,0.0,13.757155154053876,S5,40,51.0,1.275,3,0.2873549107142857,0.36623980919851346,1.275,11200,0.035978930452638155,4.437021788946285,0.08991266434888572,0.0880378298226565,False
371,615.483134755147,292.6750624170592,0,139,dead_only,20,0.0,7.1417344847817805,S5,37,34.0,0.918918918918919,2,0.2769591531259235,0.38313940900768073,1.5610810810812343,11249,0.12097777777777778,3.317886080122144,0.24840515736124338,0.24774109209646253,False
372,617.4548388218133,936.621727398688,0,141,dead_only,14,0.0,5.404066661123539,S5,25,0.0,0.0,0,0.23272965633486284,0.39498337734124694,1.36,10679,1.0,0.0,1.0,1.0,False
373,634.9297963677436,994.2974619341478,0,143,dead_only,17,0.0,5.264497828522721,S5,32,34.0,1.0625,2,0.2710316808929744,0.3804528762264227,1.5937499999999998,7615,0.09480042016806722,3.92020592020592,0.2025636654991486,0.20354207859614432,False
374,638.5585365652428,178.21887186899357,0,144,dead_only,16,0.0,4.07159946966088,S5,31,17.0,0.5483870967741935,1,0.31611748107118004,0.43255882114420474,1.6451612903225807,11729,0.42242114236999145,1.7347572646598226,0.6569307214075287,0.6537825454348277,False
375,644.5205844575408,33.48193755858536,0,147,dead_only,23,0.0,5.752838652125105,S5,43,34.0,0.7906976744186046,2,0.3053951750384019,0.3617890752546235,1.5813953488372086,9099,0.17967032967032967,2.5890968130690943,0.3411894840152527,0.3482106389186035,False
376,646.371366209928,853.9685521755697,0,148,dead_only,33,0.0,28.348376287072472,S5,47,0.0,0.0,0,0.257727258346965,0.31813060240570656,1.0851063829787237,11433,1.0,0.0,1.0,1.0,False
377,656.3750829431227,323.7799822605345,0,149,dead_only,16,0.0,5.580137303958161,S5,31,17.0,0.5483870967741935,1,0.2953833005025596,0.40938204886514645,1.6451612903225803,11021,0.41244783160950826,1.8565270813928139,0.6460686444414641,0.6451862508748736,False
378,658.9553868122799,747.781459753731,0,150,dead_only,28,0.0,11.212541444035626,S5,47,34.0,0.723404255319149,2,0.2815232587088496,0.3386971197668833,1.4468085106382975,11110,0.1886418864188642,2.5696074229777626,0.3535672350943163,0.35923976631070664,False
379,659.2644532926571,563.9496150213516,0,151,dead_only,17,0.0,6.744422768717915,S5,31,17.0,0.5483870967741935,1,0.309027705932256,0.4660424630741876,1.6451612903225807,10913,0.4009529045262965,1.7745564111148309,0.6326471011807866,0.631717166124165,False
380,662.9238362679054,780.1825167388018,0,153,dead_only,22,0.0,9.943580580450062,S5,39,17.0,0.4358974358974359,1,0.24988295158420748,0.34244527962201365,1.3076923076923077,11227,0.4262557890986819,1.7444064636420138,0.6596004094767814,0.6566655492233769,False
381,670.6046390216092,697.153849985627,0,154,dead_only,23,0.0,4.06498282930852,S5,41,0.0,0.0,0,0.2935279532604115,0.3566685619311972,1.2439024390243902,11401,1.0,0.0,1.0,1.0,False
382,671.0339952670876,126.62711708581824,0,155,dead_only,17,0.0,7.297369596257929,S5,31,0.0,0.0,0,0.2849637029504984,0.3999189887984386,1.6451612903225803,11389,1.0,0.0,1.0,1.0,False
383,679.447308125556,230.67043298287305,0,157,dead_only,15,0.0,9.380542463343309,S5,30,17.0,0.5666666666666667,1,0.2905233672416335,0.4312663086628921,1.7,11305,0.3851937024588714,1.950502887416143,0.6190783545094872,0.6225639914279915,False
384,694.7602969963881,283.4135595842088,0,159,dead_only,20,0.0,11.856892529752455,S5,36,17.0,0.4722222222222222,1,0.30614325575690676,0.38798971099540436,1.4166666666666667,10871,0.4754415011037528,1.542487751542012,0.7071647097839076,0.7059097541811651,False
385,701.5813546686911,289.331288571524,0,165,dead_only,22,0.0,11.347093186512293,S5,38,0.0,0.0,0,0.3052511197941485,0.3764269920687551,1.3421052631578947,10493,1.0,0.0,1.0,1.0,False
386,701.3499350406576,596.0343305258085,0,166,dead_only,19,0.0,5.571709416731052,S5,35,17.0,0.4857142857142857,1,0.26882370646017456,0.37407631572793426,1.457142857142857,10442,0.4198027386766255,1.80681343959612,0.6536424394520807,0.6520340409232693,False
387,702.8663410073185,85.57161496158157,0,167,dead_only,20,0.0,10.53542177710727,S5,37,17.0,0.4594594594594595,1,0.2229741806149313,0.3121267958279959,1.3513513513513509,11190,0.392100795281923,2.0605949002361403,0.6275908349647135,0.6273082779870887,False
388,707.2928416415016,191.2801342951509,0,168,dead_only,18,0.0,7.161453553930565,S5,34,0.0,0.0,0,0.27840153027278775,0.3757275099381844,1.4999999999999996,12024,1.0,0.0,1.0,1.0,False
389,708.1028107990463,328.2768632096888,0,170,dead_only,27,0.0,17.317699708017248,S5,45,34.0,0.7555555555555555,2,0.2897834785945294,0.33663283593871784,1.4888888888888883,10135,0.17620363062352012,2.6073106694006642,0.33558899988062496,0.3430097342804525,False
390,712.2886330149934,70.9046490290488,0,172,dead_only,24,0.0,15.80188289533621,S5,41,0.0,0.0,0,0.21019663008056585,0.2915793521401659,1.2439024390243898,11062,1.0,0.0,1.0,1.0,False
391,717.4265873486002,116.04634798627842,0,173,dead_only,23,0.0,12.52066183306056,S5,40,51.0,1.275,3,0.2313087635266986,0.3090978930905387,1.2749999999999995,11274,0.011796008869179602,5.5121128164814825,0.03311563528858429,0.03229157427937916,True
392,725.1903456243078,45.24208905349708,0,174,dead_only,23,0.0,5.457631741005334,S5,40,0.0,0.0,0,0.21198866563626995,0.30115667692993736,1.275,9705,1.0,0.0,1.0,1.0,False
393,743.141972240913,987.9832193038236,0,176,dead_only,32,0.0,7.621648296660278,S5,57,0.0,0.0,0,0.28743022913462507,0.29792680084017636,1.1929824561403506,8521,1.0,0.0,1.0,1.0,False
394,747.0221442302199,740.5668849594895,0,177,dead_only,17,0.0,4.210082210720936,S5,33,17.0,0.5151515151515151,1,0.253289658099807,0.3730205355380051,1.5454545454545447,11351,0.383368569415081,2.0338434621303145,0.6169094721232755,0.621909012606687,False
395,752.132031618861,425.7995728035432,0,179,dead_only,24,0.0,7.460084516519968,S5,43,17.0,0.3953488372093023,1,0.28288769122269336,0.3469491578484996,1.186046511627907,10684,0.48834815161441275,1.397546975269694,0.7181264769205139,0.7201902033909522,False
396,753.1474773884084,546.7073115872638,0,180,dead_only,21,0.0,9.631279991047156,S5,38,34.0,0.8947368421052632,2,0.27152109985403966,0.3544800096418847,1.3421052631578947,9808,0.10887960036700989,3.295275551646788,0.22740232153947154,0.22817830124760924,False
397,759.2679525530405,635.7253899096065,0,183,dead_only,44,0.0,13.347467124739884,S5,68,34.0,0.5,2,0.2949408039270472,0.3008447662473734,1.25,10737,0.30433972806854165,1.6952554320821396,0.5207501679484149,0.5338245135627037,False
398,775.3884632850267,406.26799744577016,0,188,dead_only,20,0.0,9.829643769484331,S5,36,17.0,0.4722222222222222,1,0.26069124423963136,0.35504877141572444,1.4166666666666663,10850,0.41950050686572665,1.8114234085596996,0.6536424394520807,0.6520340409232693,False
399,784.6006707462983,215.1513738192419,0,189,dead_only,24,0.0,16.856818579471206,S5,41,51.0,1.2439024390243902,3,0.2680184555054583,0.33459470230747246,1.2439024390243898,10673,0.027075135844107177,4.641107406870561,0.06967549839247422,0.06699948869897708,False
400,784.754767563316,447.67961819515097,0,190,dead_only,17,0.0,5.93417026358184,S5,33,17.0,0.5151515151515151,1,0.2466190484250436,0.3698910202826438,1.5454545454545447,10742,0.3659126873312855,2.088855335552429,0.5969669880109149,0.6045027747743352,False
401,788.4748786580542,660.0259599179421,0,191,dead_only,29,0.0,8.348006888228179,S5,50,0.0,0.0,0,0.2803073770491803,0.33024305253145686,1.3599999999999997,10736,1.0,0.0,1.0,1.0,False
402,789.3490140925024,296.38864292543553,0,192,dead_only,25,0.0,16.57417004930152,S5,42,17.0,0.40476190476190477,1,0.3212709004337758,0.35619598719647644,1.2142857142857149,9891,0.5524666397088557,1.2598772693555516,0.7721435686448123,0.7706381789569388,False
403,789.6129940102642,104.69248580874192,0,193,dead_only,22,0.0,5.280885619798482,S5,40,17.0,0.425,1,0.22482280102476518,0.3308111738386994,1.2749999999999997,11710,0.38946289812996326,1.8903776577055653,0.624392310104527,0.6271498139004555,False
404,806.9924062072738,647.3197237269256,0,196,dead_only,25,0.0,13.92349759807603,S5,43,17.0,0.3953488372093023,1,0.28162264446708696,0.33317952820065827,1.186046511627907,10385,0.5028885037550549,1.4038247455470736,0.7303299202469108,0.732528035643008,False
405,808.6282757879111,193.8087477192571,0,197,dead_only,27,0.0,21.626794034279087,S5,45,0.0,0.0,0,0.24712508993730084,0.32324008922295433,1.1333333333333337,10810,1.0,0.0,1.0,1.0,False
406,810.979595267095,866.9912150578828,0,198,dead_only,13,0.0,4.051030745889788,S5,27,0.0,0.0,0,0.2680711705324285,0.434639876848986,1.8888888888888884,12067,1.0,0.0,1.0,1.0,False
407,821.5204388200603,306.0558630205088,0,200,dead_only,21,0.0,6.940956204971876,S5,38,34.0,0.8947368421052632,2,0.2797586513626767,0.3348839843522666,1.3421052631578942,9822,0.12104245138959585,3.1982454796199815,0.24840515736124338,0.24774109209646253,False
408,845.3982653653492,220.29050952577424,0,204,dead_only,22,0.0,6.829064208262885,S5,39,51.0,1.3076923076923077,3,0.23957721667645332,0.31159639419671004,1.307692307692307,10349,0.012270531400966183,5.458333333333333,0.034225546724845464,0.03338194256908812,True
409,845.9413237587498,670.2455462289306,0,205,dead_only,29,0.0,20.622759952726103,S5,48,17.0,0.3541666666666667,1,0.2826453790238837,0.3141824523784803,1.0625000000000002,9309,0.5427497314715359,1.2530424799081517,0.7651591323028066,0.7643870816222917,False
410,849.244460308733,88.851344047745,0,206,dead_only,19,0.0,5.607358458323575,S5,35,17.0,0.4857142857142857,1,0.1565442343502006,0.2924244818152325,0.9714285714285714,11431,0.26731980405878236,3.102728680685283,0.4691661513724502,0.4798609597448634,False
411,855.6744305912265,490.010282892829,0,207,dead_only,42,0.0,23.29071697741604,S5,65,0.0,0.0,0,0.29934956934956936,0.29216596271129536,1.2923076923076922,10360,1.0,0.0,1.0,1.0,False
412,869.3842693590718,179.8084525755756,0,208,dead_only,26,0.0,5.227399799763241,S5,44,0.0,0.0,0,0.21101346742596086,0.2845629815174176,1.159090909090909,11462,1.0,0.0,1.0,1.0,False
413,871.6988904931325,319.0045223170396,0,210,dead_only,23,0.0,10.450138997308471,S5,40,51.0,1.275,3,0.28282832770570465,0.3414474828892643,1.275,11254,0.02869835628609507,4.508034998978934,0.07298385902561824,0.07061730367027888,False
414,870.9585593885026,638.367026603395,0,211,dead_only,26,0.0,6.052638564893851,S5,46,0.0,0.0,0,0.2762198566342773,0.3226257140619021,1.108695652173913,9929,1.0,0.0,1.0,1.0,False
415,871.2275979062126,626.5554673880304,0,212,dead_only,12,0.0,4.695420437165332,S5,27,17.0,0.6296296296296297,1,0.29408560201879613,0.4328008855868869,1.632592592592118,10538,0.36502514470063574,2.140974006573051,0.5962690335978899,0.6045027747743352,False
416,874.1534548481799,969.8772136380194,0,213,dead_only,19,0.0,7.595217505899517,S5,34,17.0,0.5,1,0.23839936134118353,0.35804042768428973,1.4999999999999998,10021,0.3684893234883257,2.0973210548346586,0.5989105921859128,0.6045027747743352,False
417,878.7332101085632,245.4167915734176,0,215,dead_only,31,0.0,24.03891241320554,S5,50,17.0,0.34,1,0.25033529845246866,0.2827317520578601,1.02,10856,0.5292438058395506,1.3581784195110467,0.7537558711138902,0.7528916885623222,False
418,879.5169969508686,183.48435490410716,0,216,dead_only,20,0.0,9.309894609248587,S5,36,0.0,0.0,0,0.20250919285309676,0.30692819039002933,0.9444444444444446,11573,1.0,0.0,1.0,1.0,False
419,881.65818282235,981.2340467265572,0,217,dead_only,21,0.0,8.322315355598343,S5,38,0.0,0.0,0,0.24147829101614143,0.3352183106045029,1.3421052631578945,8957,1.0,0.0,1.0,1.0,False
420,894.2180250040713,257.4638661035153,0,218,dead_only,21,0.0,8.012347117867206,S5,31,17.0,0.5483870967741935,1,0.24643477812738887,0.35816712922466315,1.0967741935483872,11267,0.3681221157259496,2.225282896112647,0.5989105921859128,0.6045027747743352,False
421,904.174298247056,567.4821676845143,0,220,dead_only,27,0.0,10.485823842094163,S5,46,17.0,0.3695652173913043,1,0.33298860693498344,0.34974089738524067,1.4565217391304344,10174,0.5889926289926289,1.109843429158111,0.795753583128583,0.7986958869931006,False
422,907.72083382405,576.2217683839217,0,223,dead_only,29,0.0,7.570649025348927,S5,48,0.0,0.0,0,0.31068010464398294,0.3367659846395641,1.4166666666666663,10257,1.0,0.0,1.0,1.0,False
423,920.6466280379842,849.7263416103368,0,225,dead_only,18,0.0,6.202253194862246,S5,33,0.0,0.0,0,0.23915747220309488,0.3640976196178203,1.545454545454545,11354,1.0,0.0,1.0,1.0,False
424,923.2744134576192,809.467419539898,0,226,dead_only,18,0.0,5.343300827480805,S5,34,0.0,0.0,0,0.24506680824705776,0.3536832084054097,1.4999999999999991,11301,1.0,0.0,1.0,1.0,False
425,927.3064375395892,491.6197661264373,0,227,dead_only,22,0.0,7.588761696786128,S5,39,34.0,0.8717948717948718,2,0.30457588941343455,0.36875562969201875,1.3076923076923077,9972,0.1525117818108894,2.862323979333401,0.2974553097875542,0.29955228893798,False
426,930.2178005103526,1013.3586546604404,0,228,dead_only,20,0.0,8.338635024602818,S5,37,17.0,0.4594594594594595,1,0.20435330635203733,0.31496230793065066,0.9189189189189191,6304,0.3571768437747819,2.2483583342074898,0.5886383308461145,0.6045027747743352,False
427,935.81457547129,659.3328340340028,0,229,dead_only,23,0.0,7.010291131155105,S5,40,17.0,0.425,1,0.26121334996880846,0.32718018977487107,1.2749999999999997,11221,0.4648903938691855,1.627022508806496,0.697873658389275,0.6949556058522296,False
428,938.9962694845348,921.1055463026267,0,231,dead_only,18,0.0,8.073947909910483,S5,33,34.0,1.0303030303030303,2,0.2239105057319153,0.3400921699873074,1.0303030303030305,11266,0.07686163131268306,4.601405489819208,0.16954002689209172,0.16917283675856876,False
429,939.4546333988096,318.57583344309734,0,232,dead_only,21,0.0,4.424449725489452,S5,38,0.0,0.0,0,0.2336228967680375,0.3208480950865448,1.3421052631578942,11142,1.0,0.0,1.0,1.0,False
430,940.8664893778292,351.9699523645972,0,233,dead_only,27,0.0,12.266553357356418,S5,45,34.0,0.7555555555555555,2,0.24255887494353112,0.3334623989958197,1.1333333333333333,11314,0.1372514361467079,3.1149367580611202,0.2721943618995109,0.27576205978100027,False
431,952.0310570362732,556.4770949295898,0,235,dead_only,26,0.0,9.889951600424856,S5,44,17.0,0.38636363636363635,1,0.3116401600156113,0.3558776833257355,1.1590909090909092,10249,0.5566829268292683,1.2397748619570785,0.7755292761520526,0.774054355400697,False
432,954.035989462839,762.5364711846811,0,236,dead_only,28,0.0,6.169073525896924,S5,49,17.0,0.3469387755102041,1,0.2579313457403032,0.2956147337615275,1.0408163265306123,10762,0.5293133884604664,1.345081864766904,0.7537558711138902,0.7528916885623222,False
433,959.654777361454,531.0305428043127,0,237,dead_only,22,0.0,5.314488151171739,S5,39,0.0,0.0,0,0.2887172951872491,0.35781509896500374,1.3076923076923077,10201,1.0,0.0,1.0,1.0,False
434,965.1713696233162,503.4974238082417,0,239,dead_only,18,0.0,4.007280229499434,S5,35,17.0,0.4857142857142857,1,0.2799074587690934,0.3724276512855858,1.4571428571428566,10559,0.4327651515151515,1.7352673910521634,0.6650431297572885,0.6590773324644292,False
435,964.9470842465192,744.4180476959796,0,240,dead_only,16,0.0,6.776075194170869,S5,31,0.0,0.0,0,0.25222340163959006,0.3608712099677587,1.0967741935483872,10758,1.0,0.0,1.0,1.0,False
436,980.8729289474832,906.2230019697312,0,244,dead_only,26,0.0,16.284710585512727,S5,45,0.0,0.0,0,0.2051898802752045,0.28162809786071286,1.133333333333333,10255,1.0,0.0,1.0,1.0,False
437,998.3968341302356,704.5755913584273,0,245,dead_only,35,0.0,12.229108403124568,S5,56,0.0,0.0,0,0.2434867838624004,0.2576550936911771,0.9107142857142857,7907,1.0,0.0,1.0,1.0,False
438,1018.9158075436412,387.3278632216415,0,248,dead_only,22,0.0,13.898857527824878,S5,40,17.0,0.425,1,0.23383673469387753,0.38631415266392677,1.275,6125,0.39242572641201434,1.8175074183976263,0.6275908349647135,0.6273082779870887,False
1,14.01846646641493,809.391378154709,1,0,live_only,110,174.20664173350144,0.0,S6,147,609.0,4.142857142857143,28,0.2325295887851345,0.14310287174392994,0.5782312925170068,5796,0.00017250301880282904,17.81647301103383,0.000630678599475326,0.0006219126059084062,True
2,34.54844500963804,420.0411966545838,2,6,double_positive,54,22.25288998862764,30.38295864143949,S6,82,34.0,0.4146341463414634,2,0.3108282107211316,0.25794983736567395,1.0365853658536586,9225,0.42391068718838065,1.3339656184343713,0.6584576781836284,0.6636220876818102,False
3,48.01480888330043,1007.7040971303064,3,0,live_only,53,16.25612271998523,0.0,S6,81,102.0,1.2592592592592593,6,0.18053015400150418,0.18964456473943425,0.6296296296296298,5893,0.00016966406515100103,6.9753403038074575,0.0006265361487687623,0.000621115078690321,True
4,47.548486144670285,36.462325907627296,4,8,double_positive,32,24.936613668247126,11.102227647197694,S6,52,17.0,0.3269230769230769,1,0.34819422528293603,0.33279799429505885,1.3076923076923077,7361,0.6578375441456126,0.9389101058681414,0.8530174193108123,0.8457676203694046,False
5,53.18754722049584,174.5725071508448,5,0,live_only,69,14.759701647854616,0.0,S6,108,68.0,0.6296296296296297,4,0.3056990267383437,0.2258040361398488,0.9444444444444444,9487,0.13079679595278246,2.059638973494499,0.2634214974390665,0.25671311444464023,False
6,62.19130166988063,761.2505882422878,6,12,double_positive,67,113.35226098001732,9.285407034669522,S6,97,85.0,0.8762886597938144,5,0.21614317271106273,0.17953564146075593,0.7010309278350514,9586,0.00219046625638886,4.054204668149409,0.006894809489602431,0.006817664206275387,True
7,69.77835586488196,142.73418539157646,7,0,live_only,99,21.849582328278448,0.0,S6,134,203.0,1.5149253731343284,11,0.2727336381048751,0.1818244586053415,0.7611940298507462,9912,0.00010087763542822556,5.554596725438721,0.0005396503631509923,0.0005432649604428745,True
8,72.59199414363489,647.3386798855589,8,0,live_only,117,44.72342486507437,0.0,S6,154,68.0,0.44155844155844154,4,0.2133487241687697,0.15659594205334082,0.6623376623376623,11414,0.13596145422689443,2.0696558804314495,0.2704631995893897,0.26289766399656506,False
9,75.52673079235606,8.816284133085924,9,0,live_only,34,13.612311880113088,0.0,S6,59,51.0,0.864406779661017,3,0.3178625065130107,0.3009463559132882,1.152542372881356,5530,0.08370999819200868,2.7194361145127233,0.18155830711544357,0.17612583619598626,False
10,76.21355124714644,170.0995533328767,10,0,live_only,98,89.70846904565501,0.0,S6,132,170.0,1.2878787878787878,10,0.30903921785173055,0.20641395645808833,0.9015151515151515,9878,0.0004048992813037757,4.167363601394696,0.0013675894996119716,0.0013479558352264937,True
11,75.85541283131691,277.30362245941825,11,0,live_only,121,193.0257246523585,0.0,S6,158,406.0,2.569620253164557,22,0.3383089238841908,0.20371246429446135,0.8607594936708861,10267,9.738994935722633e-05,7.595484693877552,0.0005396503631509923,0.0005432649604428745,True
12,76.26238724791429,361.06123256801607,12,15,double_positive,43,22.278970503651564,41.03337882999066,S6,67,34.0,0.5074626865671642,2,0.33208001420837635,0.295644025925512,1.2537313432835822,11345,0.3722897937599154,1.5281337775682498,0.6020696539982672,0.604396393573196,False
13,80.70405730635058,372.8876105062778,13,16,double_positive,59,13.875183550134256,25.26957242060116,S6,88,102.0,1.1590909090909092,6,0.3221637564506183,0.255063711570486,0.9659090909090909,11204,0.007318161535029005,3.597831493712969,0.021281738813750267,0.021034715668990473,True
14,82.94447735660151,744.2221700578777,14,0,live_only,107,119.70253527482414,0.0,S6,141,238.0,1.6879432624113475,14,0.23396509425015766,0.17829386688079635,0.7234042553191491,9797,0.00010206164523372117,7.214508932715335,0.0005396503631509923,0.0005432649604428745,True
15,82.44565203159945,333.4363660578497,15,17,double_positive,41,22.89711235929518,26.861693630166823,S6,64,51.0,0.796875,3,0.31512996509104635,0.3040659147517714,1.0625,10599,0.1290566037735849,2.528718586852791,0.26072650326221125,0.25424634301462795,False
16,92.03051435341452,71.60611588693125,16,0,live_only,86,123.4034394344928,0.0,S6,118,236.0,2.0,12,0.289830681266426,0.19340206045804165,0.7203389830508475,9809,0.00010193679918450561,6.900580681316847,0.0005396503631509923,0.0005432649604428745,True
17,105.6051428811128,460.8930577057891,17,0,live_only,100,89.38856519145082,0.0,S6,134,488.0,3.6417910447761193,23,0.3166120959635269,0.19188405691849217,0.7611940298507466,11314,8.837825894829872e-05,11.502374960417326,0.0005396503631509923,0.0005432649604428745,True
18,108.9118849820911,555.5415769879824,18,0,live_only,88,20.060609503244777,0.0,S6,134,169.0,1.2611940298507462,9,0.2623009236323995,0.18148968435047366,0.7611940298507462,12021,0.00024954250540675427,4.808195153815933,0.0008630843453668274,0.0008468345667351789,True
19,110.96135399213637,745.6111002519731,19,0,live_only,63,33.80210630935784,0.0,S6,90,102.0,1.1333333333333333,6,0.25453437427940834,0.24703030787527555,0.9444444444444444,10119,0.008695652173913044,4.452574771253673,0.024951904578684108,0.024723854289071683,True
20,114.3693007986766,786.3524424809791,20,0,live_only,83,94.26175026790288,0.0,S6,113,34.0,0.3008849557522124,2,0.2479390417400111,0.17733250239339113,0.7522123893805309,9175,0.493897122929381,1.213544077772634,0.7246431769676551,0.7236487093617114,False
21,115.3421549742278,994.9507274397632,21,29,double_positive,35,15.343479799613997,16.76541677139852,S6,59,17.0,0.288135593220339,1,0.19547637098812232,0.24571570116234892,0.8644067796610169,7914,0.47466835123183826,1.474017507915813,0.7068253175059634,0.7093055475793947,False
22,120.31472656851528,677.15570762069,22,0,live_only,109,49.47772086045892,0.0,S6,146,204.0,1.3972602739726028,12,0.23115899528574846,0.19438340251997763,0.9315068493150683,10487,9.534706331045004e-05,6.0445853393910625,0.0005396503631509923,0.0005432649604428745,True
23,123.5268191201764,829.6908071595637,23,0,live_only,46,14.486422017333544,0.0,S6,71,68.0,0.9577464788732394,4,0.22347176105548333,0.23235250238029867,0.9577464788732394,10876,0.017100303392479543,4.285760645325792,0.04630290918589972,0.04519979690675497,True
24,134.4706764502564,739.1954001579377,24,0,live_only,99,188.47052458750449,0.0,S6,132,286.0,2.1666666666666665,14,0.25404122668196777,0.2139365716809912,1.0227272727272727,9823,0.00010179153094462541,8.528799419548937,0.0005396503631509923,0.0005432649604428745,True
25,135.85920836334245,493.06424121461913,25,0,live_only,85,58.36966163402878,0.0,S6,116,152.0,1.3103448275862069,8,0.32850960111244787,0.21615400658203757,0.8793103448275862,11035,0.0001812250815512867,3.9887565634274407,0.0006511050713906339,0.0006397610261474953,True
26,133.7803239126049,839.079117546999,26,33,double_positive,40,19.66685818737141,26.679721301461434,S6,62,17.0,0.27419354838709675,1,0.21881194197407428,0.24050576751051098,1.0806451612903223,11034,0.5633892161304939,1.2531013888610536,0.7796675396191876,0.777802434867821,False
27,139.10827068869554,924.5946972090446,27,34,double_positive,55,44.287817518460486,38.60007047361174,S6,80,34.0,0.425,2,0.21178891551295703,0.22710347214050192,0.85,11268,0.2592066731741947,2.006715030249064,0.45990568414080785,0.45146592744909414,False
28,143.4559615121836,209.1683567138409,28,0,live_only,59,10.146963995682864,0.0,S6,93,170.0,1.8279569892473118,10,0.3522235470037613,0.2749441201637306,1.096774193548387,9794,0.0013272077590607452,5.189763730440746,0.004303471158754466,0.004268105430568074,True
29,145.75289219135237,408.6432606218361,29,0,live_only,98,173.83936746966356,0.0,S6,131,506.0,3.8625954198473282,25,0.31649028059060774,0.209917681372767,0.9083969465648852,11025,9.069472156720479e-05,12.204467741123914,0.0005396503631509923,0.0005432649604428745,True
30,146.58674078227745,337.3246760255331,30,38,double_positive,32,16.658981610014663,15.17579507215248,S6,52,0.0,0.0,0,0.3259351305524979,0.3230334884459967,1.3076923076923075,11251,1.0,0.0,1.0,1.0,False
31,157.4008138171377,155.68708373673664,31,0,live_only,96,220.6936806781521,0.0,S6,130,506.0,3.8923076923076922,25,0.33438640381255624,0.2188318904154213,1.046153846153846,7441,0.0001343724805159903,11.640149383853434,0.0005451155628181591,0.0005432649604428745,True
32,163.39942478182434,16.361780247944214,32,0,live_only,107,203.66283860525056,0.0,S6,143,739.0,5.1678321678321675,34,0.3304533464170831,0.17023175457848286,0.7132867132867134,5074,0.00019704433497536947,15.638613510391163,0.0007001821985289156,0.0006818771065595022,True
33,165.72100943744985,198.90232706572272,33,0,live_only,124,42.58615762056688,0.0,S6,164,203.0,1.2378048780487805,11,0.3871869828264467,0.21671950436422086,1.1402439024390243,8990,0.009342676009342675,3.1969175952478137,0.02669042022933359,0.026279398828418433,True
34,165.20758091626882,497.1597805602631,34,0,live_only,78,170.15216425351696,0.0,S6,108,336.0,3.111111111111111,14,0.32274095500744754,0.22363616445188605,0.9444444444444444,10717,9.33009889904833e-05,9.639653916991476,0.0005396503631509923,0.0005432649604428745,True
35,171.4361160040717,125.07702378886592,35,0,live_only,98,64.97573942182274,0.0,S6,133,424.0,3.18796992481203,23,0.32979762446326266,0.1999139547655682,0.8872180451127819,7983,0.000125250501002004,9.666442958770157,0.0005396503631509923,0.0005432649604428745,True
36,179.54020164815304,39.03714727281493,36,0,live_only,94,23.26029354159907,0.0,S6,127,338.0,2.661417322834646,18,0.30299252144263217,0.18927783440925466,0.8031496062992126,7168,0.00013948946854512484,8.78377231940542,0.0005499022513769815,0.0005516651162010201,True
37,176.58537115819234,149.18614344704775,37,43,double_positive,34,35.93844612050941,50.01023657062962,S6,54,0.0,0.0,0,0.3677081568608469,0.3471952693752938,1.2592592592592597,9182,1.0,0.0,1.0,1.0,False
38,180.80101034777715,179.39562654393868,38,0,live_only,54,11.399048766690203,0.0,S6,83,85.0,1.0240963855421688,4,0.38549021913137627,0.3172958505295171,1.6139759036142933,8813,0.0494667574313592,2.656607962323302,0.1166516079790416,0.11462341149292925,False
39,179.3536932269845,197.80926972959324,39,0,live_only,21,12.247604722485034,0.0,S6,38,0.0,0.0,0,0.37595114334841984,0.4271385274795403,1.7894736842105259,10652,1.0,0.0,1.0,1.0,False
40,184.48600546406703,579.6329322061306,40,44,double_positive,37,40.11652725912688,83.34666668772022,S6,58,17.0,0.29310344827586204,1,0.29076071090766836,0.29331108817626383,1.1724137931034482,11812,0.6372640311521205,1.0080572693638021,0.8374178808554207,0.8380022009650385,False
41,189.5286359924859,78.2407466290677,41,0,live_only,127,126.23995522614128,0.0,S6,166,372.0,2.2409638554216866,17,0.3300529806522507,0.21019882933989636,1.2108433734939759,7675,0.00013027618551328816,6.789709491467382,0.0005415647840087653,0.0005432649604428745,True
42,197.5929505352506,452.8712833747518,42,47,double_positive,36,15.127478036507505,19.82393850812088,S6,57,85.0,1.4912280701754386,5,0.34685860499890436,0.3151803275810916,1.1929824561403508,10888,0.005510147855634126,4.299239080951009,0.016466962600823642,0.01619183112884665,True
43,202.5812230585146,698.2121286316411,43,0,live_only,93,76.81181885222031,0.0,S6,124,203.0,1.6370967741935485,10,0.27086596794119183,0.2204230032257101,0.9596774193548385,10523,9.502090459901178e-05,6.043936736079674,0.0005396503631509923,0.0005432649604428745,True
44,204.4005802105962,131.21021111988938,44,48,double_positive,81,135.18250522367197,6.031920361814623,S6,112,153.0,1.3660714285714286,9,0.382599072305056,0.2545528333754476,1.3482142857142858,7253,0.009511993382961124,3.570503766099634,0.02711440751142984,0.026613343188497614,True
45,206.4580751304865,82.62440448391524,45,0,live_only,70,164.49987086276673,0.0,S6,99,387.0,3.909090909090909,17,0.3571609080650448,0.2682939072918165,1.3535353535353527,8074,0.0001238390092879257,10.944901361878609,0.0005396503631509923,0.0005432649604428745,True
46,208.07083053794852,720.1214537506991,46,52,double_positive,97,229.25640269559108,9.886227937861694,S6,130,220.0,1.6923076923076923,12,0.2386366220241479,0.20158009904546118,0.7846153846153846,10149,9.852216748768474e-05,7.091567413053835,0.0005396503631509923,0.0005432649604428745,True
47,208.80104617964247,345.15216834906033,47,0,live_only,34,11.802946066584116,0.0,S6,60,68.0,1.1333333333333333,4,0.3784306947805047,0.3604968200635058,1.4166666666666667,11572,0.05478268383305971,2.994824016563147,0.1268806088062115,0.12314398160764704,False
48,212.173199914106,39.78796125138784,48,53,double_positive,46,28.26362868954969,41.98428820940347,S6,71,68.0,0.9577464788732394,4,0.33702280898727494,0.31122234117502456,1.408450704225352,7439,0.04099462365591398,2.8417853431083393,0.09994365955210606,0.0980144183773216,False
49,220.39089886655717,776.8272816765718,49,0,live_only,219,103.97113171550517,0.0,S6,278,322.0,1.158273381294964,18,0.24842897325932467,0.13263473025799133,0.550359712230216,9691,0.0001031778786628147,4.66239249834153,0.0005396503631509923,0.0005432649604428745,True
50,215.15419019568225,937.1140779879518,50,54,double_positive,43,23.27960349944565,40.84392051085473,S6,68,17.0,0.25,1,0.2144792030758476,0.23607279487694358,0.9999999999999998,11444,0.5730013106159895,1.165614178040334,0.7836585884550089,0.783390225662499,False
51,220.84226104832413,548.8778998271998,51,0,live_only,124,177.8802425069471,0.0,S6,163,708.0,4.343558282208589,33,0.30692801149089494,0.1760414522526847,0.8343558282208587,10080,9.919650828290844e-05,14.151716753090948,0.0005396503631509923,0.0005432649604428745,True
52,223.45998346550357,514.1912837435476,52,0,live_only,65,17.005682371165342,0.0,S6,98,68.0,0.6938775510204082,4,0.3372019429064164,0.2324999264104622,1.0306122448979589,9609,0.12539021852237253,2.0577507503062633,0.25588573224145955,0.2509534706331045,False
53,224.1664576652263,741.5994174728069,53,55,double_positive,41,16.784045872471246,42.12077428733088,S6,64,0.0,0.0,0,0.24082880434782608,0.27604452070327157,1.0625,10810,1.0,0.0,1.0,1.0,False
54,228.75377914871092,156.72452938832356,54,0,live_only,87,180.74307377586177,0.0,S6,118,374.0,3.169491525423729,21,0.3868851978239056,0.2519846834621289,1.2966101694915255,8091,0.00012357884330202668,8.192330808340598,0.0005396503631509923,0.0005432649604428745,True
55,228.49130078810205,498.0647335795379,55,0,live_only,80,200.17666341809976,0.0,S6,110,305.0,2.772727272727273,16,0.3581379462954233,0.24565436070326252,1.0818181818181818,9449,0.00010582010582010582,7.74206503781112,0.0005396503631509923,0.0005432649604428745,True
56,247.8266580246917,114.4975997030223,56,0,live_only,96,178.49819352900016,0.0,S6,129,689.0,5.341085271317829,31,0.3780458297359868,0.22878029352773652,1.2945736434108528,8458,0.00011821728336682824,14.1281422811828,0.0005396503631509923,0.0005432649604428745,True
57,249.89442772379823,39.832453800195566,57,0,live_only,99,203.7472559869069,0.0,S6,133,692.0,5.203007518796992,33,0.34952595996847496,0.22332074188187967,1.3834586466165417,6783,0.00014740566037735848,14.885897228538536,0.0005775986148321267,0.0005743361285814115,True
58,258.0095516544809,63.56924755506117,58,0,live_only,83,75.26819931253013,0.0,S6,114,203.0,1.780701754385965,10,0.36114028683292554,0.23735417616234616,1.3245614035087718,8218,0.0014600316340187371,4.930775710464481,0.00469891074273524,0.004654403875720338,True
59,257.5428752670739,125.82375163614394,59,61,double_positive,75,141.03777919773668,10.80193145941536,S6,106,253.0,2.3867924528301887,13,0.37447591934927205,0.24761686391840027,1.1226415094339626,9239,0.00010822510822510823,6.37368741086937,0.0005396503631509923,0.0005432649604428745,True
60,263.0851071189062,677.5132970113101,60,62,double_positive,48,21.01519610447297,8.227327034614003,S6,74,85.0,1.1486486486486487,5,0.28649166313339974,0.2606402565454259,1.1486486486486485,10964,0.013223894208846329,4.009361515395304,0.036570129613803175,0.03567060694283676,True
61,265.40291754727764,1014.7496967921786,61,63,double_positive,32,12.703180482685331,13.96311408575542,S6,52,0.0,0.0,0,0.17791487247432924,0.2409877768254163,0.9807692307692304,6038,1.0,0.0,1.0,1.0,False
62,271.253146660672,137.88231118625822,62,0,live_only,109,190.3450465035248,0.0,S6,146,824.0,5.6438356164383565,36,0.39365772718502795,0.22315199584748957,1.2602739726027399,8875,0.00011266336187471834,14.336910535953045,0.0005396503631509923,0.0005432649604428745,True
63,278.1453870180646,532.03255095311,63,65,double_positive,111,106.68820657514274,7.299306096020409,S6,131,523.0,3.9923664122137406,26,0.38418673823881394,0.22513012196705934,0.9083969465648856,9855,0.00010146103896103897,10.391734057545863,0.0005396503631509923,0.0005432649604428745,True
64,273.4356060160968,522.625854301674,64,0,live_only,84,43.65895252005338,0.0,S6,109,254.0,2.330275229357798,13,0.3934515833943816,0.24762897303722878,1.0917431192660547,9668,0.0001034233116144379,5.9226479895037425,0.0005396503631509923,0.0005432649604428745,True
65,274.3857855773275,236.75673469873792,65,0,live_only,79,22.791749292823752,0.0,S6,113,85.0,0.7522123893805309,5,0.41747563034522595,0.24722902765270197,1.1946902654867255,10541,0.13365585277935876,1.801811494382316,0.2674479099281047,0.2597528864617946,False
66,274.1063781064979,968.6553804853896,66,64,double_positive,31,25.87044051158269,19.65981541174699,S6,51,17.0,0.3333333333333333,1,0.189540059347181,0.248136245628513,0.9999999999999997,10784,0.4354195642095503,1.7586431833007177,0.667540395720788,0.6756067574460869,False
67,278.07996687895496,804.9680736371255,67,0,live_only,102,102.17996566998472,0.0,S6,140,403.0,2.8785714285714286,18,0.21208077415933896,0.1613224127687522,0.6071428571428571,9699,0.00010309278350515464,13.572995666305525,0.0005396503631509923,0.0005432649604428745,True
68,283.5909301477572,200.29661979656976,68,0,live_only,109,17.92248711008157,0.0,S6,169,238.0,1.4082840236686391,14,0.38643537979597853,0.17934546664030246,0.9053254437869819,8840,0.00011310937676733401,3.6442937093703827,0.0005396503631509923,0.0005432649604428745,True
69,289.3391054920535,14.30468003789497,69,70,double_positive,40,14.44777947763166,29.308613324453464,S6,62,51.0,0.8225806451612904,3,0.36942493710349594,0.30048717661626917,1.0967741935483872,5039,0.13373015873015873,2.226651648399255,0.2674479099281047,0.2597528864617946,False
70,301.2593505608311,59.87159982616656,70,0,live_only,99,230.86898747309937,0.0,S6,128,792.0,6.1875,37,0.41407544378698236,0.26731351163165323,1.4609375,8450,0.00011832919181161993,14.942929103477837,0.0005396503631509923,0.0005432649604428745,True
71,292.18626384144534,56.36938049484876,71,0,live_only,64,150.87518450722015,0.0,S6,87,323.0,3.7126436781609193,19,0.3967258396639111,0.29870629667880605,1.5632183908045978,8747,0.00011431184270690443,9.358209894536008,0.0005396503631509923,0.0005432649604428745,True
72,294.62336565131875,190.4360963614461,72,0,live_only,91,55.873195282078186,0.0,S6,126,671.0,5.325396825396825,29,0.3903138689765034,0.20222615457976817,0.9444444444444442,8928,0.00011199462425803562,13.643883163468654,0.0005396503631509923,0.0005432649604428745,True
73,297.9529689111164,150.6342308937758,73,0,live_only,99,226.49853380323788,0.0,S6,133,858.0,6.451127819548872,37,0.3868215927634108,0.2122965033267245,1.0225563909774436,8174,0.00012232415902140674,16.67726916034528,0.0005396503631509923,0.0005432649604428745,True
74,296.52569343607547,512.1501243854326,74,72,double_positive,99,119.64346924078272,19.83114306389746,S6,134,221.0,1.6492537313432836,13,0.3940187389861801,0.2579382347387618,1.2686567164179106,10477,0.006108035884710822,4.185724099282318,0.018045837226582997,0.017849038196432736,True
75,299.2490446172008,664.9751686889211,75,0,live_only,92,42.3535312954982,0.0,S6,127,187.0,1.4724409448818898,11,0.2961772769145464,0.1900008889233571,0.8031496062992126,10693,9.35103796521414e-05,4.971485186916352,0.0005396503631509923,0.0005432649604428745,True
76,305.5747195465564,761.4014345655885,76,0,live_only,81,28.56465134305936,0.0,S6,111,235.0,2.1171171171171173,11,0.2408194133272832,0.19050200566792516,0.7657657657657657,9530,0.00010492078480747036,8.791305849748378,0.0005396503631509923,0.0005432649604428745,True
77,307.7642003060851,367.7227028859991,77,0,live_only,110,84.58510825099094,0.0,S6,144,153.0,1.0625,9,0.3845396188228975,0.22412784345990952,1.0555555555555554,11584,0.008890807078118257,2.763044295025793,0.02545557788149973,0.025142820016613995,True
78,318.16244414747,366.9932252408568,78,0,live_only,29,16.233531106756864,0.0,S6,47,68.0,1.446808510638298,4,0.3844910794623138,0.3768694945811957,1.446808510638298,11705,0.029044934221766617,3.762918278004179,0.07372070388577555,0.07156607683655851,False
79,312.3725242684597,799.3244093474302,79,0,live_only,90,35.37129033335183,0.0,S6,123,338.0,2.747967479674797,18,0.234767970786588,0.18582625435508032,0.6910569105691058,9244,0.00010816657652785289,11.705035701709036,0.0005396503631509923,0.0005432649604428745,True
80,312.64194925900074,205.4802358209701,80,76,double_positive,44,46.91851571227213,72.98477577733388,S6,67,85.0,1.2686567164179106,5,0.432301260215047,0.3186810433104545,1.2686567164179106,9521,0.02142407057340895,2.9346588436656904,0.05647768197908822,0.0552404956941819,False
81,315.9197896346449,17.608299927006733,81,0,live_only,69,28.90064015273969,0.0,S6,94,236.0,2.5106382978723403,12,0.4053146171798881,0.24310647461972676,1.0851063829787233,5634,0.0001774622892635315,6.19429497840701,0.0006429290200413418,0.0006350011166844732,True
82,327.1471249399061,93.49098837503077,82,0,live_only,92,234.93663979375836,0.0,S6,125,773.0,6.184,30,0.42597583416472673,0.2605145409060432,1.36,9021,0.00011084016847705608,14.517255449774224,0.0005396503631509923,0.0005432649604428745,True
83,326.4934878161849,66.08522151633814,83,0,live_only,45,10.24583161309537,0.0,S6,69,101.0,1.463768115942029,5,0.4300280628916311,0.33999336830104704,1.4782608695652173,9425,0.014958625079567155,3.403889751053072,0.04101762521817886,0.04014406526455267,True
84,330.6244262410462,281.198903660828,84,80,double_positive,41,21.047703631146643,27.83165394070114,S6,63,0.0,0.0,0,0.4173132269054153,0.3392569712798026,1.3492063492063493,10446,1.0,0.0,1.0,1.0,False
85,337.505369182429,768.8339244208544,85,0,live_only,115,11.248441741282257,0.0,S6,176,51.0,0.2897727272727273,3,0.2562298142367885,0.1616706830053871,0.6761363636363635,8388,0.48658958159494575,1.1309094850489996,0.7168834280900539,0.7174671173457807,False
86,335.79175507852125,836.6386133833568,86,0,live_only,37,24.80906013006233,0.0,S6,60,0.0,0.0,0,0.2452643940836666,0.2753477454117243,1.133333333333333,10502,1.0,0.0,1.0,1.0,False
87,342.67320305005865,196.30524530988475,87,0,live_only,90,90.9950497465326,0.0,S6,123,306.0,2.4878048780487805,18,0.43401439614483994,0.22778578055045362,1.1056910569105693,9107,0.00010979358805445762,5.732079166375271,0.0005396503631509923,0.0005432649604428745,True
88,347.43710732175936,151.81438130012276,88,82,double_positive,67,66.6101049264519,5.707719053583441,S6,96,169.0,1.7604166666666667,9,0.4346224743166913,0.2780882808045352,1.2395833333333333,8793,0.0003411416875142142,4.050450150868002,0.0011674426614932344,0.0011429332970221443,True
89,354.4724447605523,740.4877696915472,89,0,live_only,87,134.6860197810164,0.0,S6,116,372.0,3.206896551724138,20,0.27030903535573986,0.19147676630855628,0.7327586206896552,9875,0.0001012555690562981,11.863815604623449,0.0005396503631509923,0.0005432649604428745,True
90,362.98169457421886,746.8525107913302,90,0,live_only,72,36.51360492524024,0.0,S6,89,68.0,0.7640449438202247,4,0.27650667972984055,0.22799129730338055,0.9550561797752808,10138,0.0497090442844462,2.7632060989149734,0.11701021857881437,0.11467963725271359,False
91,370.46099367475847,747.2825506237878,91,95,double_positive,41,22.13189102765448,15.31382956270292,S6,60,0.0,0.0,0,0.28056338484465615,0.2924639090786768,1.133333333333333,10289,1.0,0.0,1.0,1.0,False
92,353.2859295471997,867.7476087207729,92,84,double_positive,34,17.21286765026317,12.26254140606246,S6,55,0.0,0.0,0,0.2423204706551848,0.2793206549066523,0.9272727272727272,10863,1.0,0.0,1.0,1.0,False
93,353.34029758761966,1006.6471962749628,93,85,double_positive,34,14.603944737695736,12.25643707596056,S6,56,34.0,0.6071428571428571,2,0.22770633056317732,0.2513270990810602,0.9107142857142857,7237,0.15777839182094502,2.6663415797059042,0.3058872558920264,0.29746033726816157,False
94,356.48540199243183,231.140495160852,94,0,live_only,80,43.243305655695046,0.0,S6,112,170.0,1.5178571428571428,10,0.43312872023809523,0.2510699728484582,1.2142857142857142,9216,0.0020614082673321038,3.504401975520721,0.00652108907982863,0.0064541711227183735,True
95,359.3495632231153,107.62433738112266,95,0,live_only,81,86.60422465481867,0.0,S6,111,354.0,3.189189189189189,17,0.4465021752628923,0.28767326358392364,1.5315315315315312,8981,0.00011133377866844801,7.1426061638142135,0.0005396503631509923,0.0005432649604428745,True
96,356.898596597665,303.8156458422465,96,88,double_positive,31,25.39408511984797,48.60942459926363,S6,51,67.0,1.3137254901960784,3,0.43454413686325755,0.3843966679297098,1.6666666666666663,10714,0.04610359309379375,3.023226822663314,0.11073400044935276,0.1092364412943041,False
97,362.987165469847,917.9622936565148,97,91,double_positive,42,17.058265962221306,50.7071684802563,S6,64,0.0,0.0,0,0.23007439656754772,0.2465989889685162,1.0624999999999998,10896,1.0,0.0,1.0,1.0,False
98,369.1300854157006,519.7235633450532,98,0,live_only,94,29.983298878507632,0.0,S6,128,153.0,1.1953125,9,0.368238790126913,0.2587621281397834,1.328125,10716,0.012130260334048707,3.2460254922846046,0.03390721476995943,0.03323185904015427,True
99,372.2178146967562,186.82190074005348,99,94,double_positive,58,35.33080680013694,46.78985228407103,S6,84,51.0,0.6071428571428571,3,0.4088226419340155,0.2691828411535481,1.2142857142857142,9311,0.3118556701030928,1.4851008600469118,0.5315069699391739,0.5240769408122262,False
100,382.5832413752158,524.0262929910584,100,0,live_only,111,66.15585145935925,0.0,S6,150,204.0,1.36,12,0.35734289220435317,0.23905209120243517,1.3361999999998924,10322,0.01017146178436501,3.8058683400991193,0.028867365282979035,0.02830787777024336,True
101,384.0671814686006,406.5216820346683,101,98,double_positive,39,28.774251787691306,43.86111510162183,S6,62,68.0,1.096774193548387,4,0.365874810821841,0.3414295510788544,1.3709677419354842,11382,0.052007379425459015,2.997676147982896,0.12153796597264928,0.11842372977398893,False
102,389.9384811616594,278.84361160647927,102,0,live_only,73,36.85682851619505,0.0,S6,103,339.0,3.29126213592233,19,0.4373989841566369,0.26952886468935605,1.1553398058252426,9521,0.00010501995379122033,7.52462226739808,0.0005396503631509923,0.0005432649604428745,True
103,389.2070204184619,394.91194520168426,103,99,double_positive,42,13.143525764637396,42.38359426834703,S6,65,33.0,0.5076923076923077,1,0.3712374581939799,0.33841894130240724,1.5076923076923077,11155,0.39691645751165294,1.3675675675675676,0.6313274975743478,0.6382796695199939,False
104,392.0757914321764,132.45628700368505,104,102,double_positive,36,28.972460475027454,46.58424494916704,S6,57,0.0,0.0,0,0.47024052654824644,0.4263829599641853,2.0701754385964906,10566,1.0,0.0,1.0,1.0,False
105,399.9425351071082,720.0337043772311,105,106,double_positive,35,21.17139842586642,19.69361152542975,S6,56,0.0,0.0,0,0.2958347522560872,0.3541041377239927,1.5,10068,1.0,0.0,1.0,1.0,False
106,403.1179359470083,130.11133932925227,106,107,double_positive,38,38.56714142294436,74.13937620690187,S6,59,0.0,0.0,0,0.45543648760869637,0.4035664656394704,1.9999999999999993,10654,1.0,0.0,1.0,1.0,False
107,410.3634085456348,487.41095183702834,107,0,live_only,87,77.27066644093816,0.0,S6,118,508.0,4.305084745762712,27,0.3336683570134162,0.2632059385799082,1.2966101694915255,10017,9.982032341784787e-05,12.90228652275113,0.0005396503631509923,0.0005432649604428745,True
108,411.6625624821408,215.6427932812066,108,0,live_only,37,14.25752482782975,0.0,S6,60,17.0,0.2833333333333333,1,0.42040529038171937,0.35379406788770135,1.4166666666666667,10182,0.7681429834037121,0.6739528255604788,0.9579629321871295,0.928834963839891,False
109,416.1105829431878,777.0136914268608,109,0,live_only,87,107.44469474399084,0.0,S6,107,268.0,2.5046728971962615,12,0.3486678345088184,0.35868540034392465,2.196261682242991,10190,0.004906289863605142,7.183550213987159,0.014833235321901792,0.014736173664325813,True
110,419.0521712320136,901.8996572292804,110,0,live_only,97,33.59679706401378,0.0,S6,132,336.0,2.5454545454545454,15,0.2811565781475097,0.17744603194503314,0.7727272727272726,10917,9.159186664224217e-05,9.053512324791008,0.0005396503631509923,0.0005432649604428745,True
111,424.2043481574884,198.89146942685,111,114,double_positive,74,142.30222808715553,8.780727064097677,S6,104,506.0,4.865384615384615,23,0.40835643215355777,0.26861620865222885,1.2980769230769231,9602,0.00010413412475268145,11.914553640617182,0.0005396503631509923,0.0005432649604428745,True
112,427.5662544792429,628.9454727836041,112,118,double_positive,44,20.14941204877045,52.8763188714684,S6,67,34.0,0.5074626865671642,2,0.3304488197311316,0.33812754805595086,1.5074626865671636,10716,0.35476345992348607,1.535677104188356,0.5861505828289955,0.5813257941425348,False
113,433.6374753600836,475.5457338673233,113,0,live_only,93,28.988997813077177,0.0,S6,126,221.0,1.753968253968254,13,0.3165822390762961,0.21876775054201705,0.9444444444444444,10096,9.903931860948797e-05,5.540324242717699,0.0005396503631509923,0.0005432649604428745,True
114,432.4359095814099,671.5060474039188,114,0,live_only,105,85.7903989583877,0.0,S6,140,204.0,1.457142857142857,12,0.3363297193877551,0.23858120873920938,1.3214285714285712,8960,0.00658408659747796,4.332483194751264,0.01932027221024641,0.019028733792711028,True
115,435.94417402301394,690.0426250084522,115,120,double_positive,40,37.69948481596816,46.324015715306615,S6,63,0.0,0.0,0,0.3268160635305513,0.34609100473034027,1.3492063492063493,9898,1.0,0.0,1.0,1.0,False
116,443.61659850947433,191.0117078300307,116,124,double_positive,40,29.11747039585213,40.10727279740557,S6,60,34.0,0.5666666666666667,2,0.3981223014358871,0.3358109697787636,1.4166666666666665,9959,0.3996987951807229,1.423348213910397,0.6322065089626799,0.6390321163071739,False
117,449.4611613903649,36.31640361417075,117,0,live_only,102,22.35286175264248,0.0,S6,137,305.0,2.2262773722627736,17,0.449840536970069,0.24662400641565568,1.2408759124087587,8205,0.00012186205215695832,4.9490368014808395,0.0005396503631509923,0.0005432649604428745,True
118,450.65041751716245,745.3671814997705,118,129,double_positive,38,10.373397712057626,5.257354531609802,S6,65,253.0,3.8923076923076922,13,0.3162881773603379,0.38797509521851353,1.8,9271,0.0008628127696289905,12.306206715634836,0.002847501685009671,0.0028364969801553063,True
119,455.41270091319234,1005.2933683096518,119,0,live_only,93,200.07527570532517,0.0,S6,127,251.0,1.9763779527559056,10,0.247866174404548,0.17014771706137877,0.6692913385826772,6025,0.00016594756057085962,7.973568630345722,0.0006202708532000141,0.000614707160987832,True
120,455.4822626984899,623.0698811868134,120,128,double_positive,41,12.960576929916764,6.575229768514321,S6,67,17.0,0.2537313432835821,1,0.31279159756771696,0.28369505372853826,1.0149253731343286,10125,0.7063993679636579,0.8111833733917716,0.8947265432117815,0.8733037613448388,False
121,458.93942685852113,728.5448015881233,121,0,live_only,89,179.76128943746824,0.0,S6,122,219.0,1.7950819672131149,11,0.34119921553339355,0.3650939545902521,2.204918032786885,8242,0.02074487443891787,5.261096407876789,0.05479857871135739,0.05375272884172808,False
122,462.1613746166767,435.5393775453814,122,0,live_only,97,34.363126754155715,0.0,S6,120,374.0,3.1166666666666667,21,0.32078139980824544,0.23550756718607627,0.9916666666666667,9387,0.00010651896037494674,9.715858427358091,0.0005396503631509923,0.0005432649604428745,True
123,462.7837800308013,675.7536256227127,123,0,live_only,89,19.187950704341876,0.0,S6,128,119.0,0.9296875,7,0.32338853017991875,0.21781475273276865,0.9296875,8615,0.017061281337047353,2.874831397028101,0.0462938951760469,0.04519979690675497,True
124,464.5411952607215,385.7309158586145,124,0,live_only,78,188.32868482165827,0.0,S6,108,304.0,2.814814814814815,14,0.35414784217546574,0.30278282814080376,1.4166666666666667,7747,0.00012906556530717606,7.948134873627691,0.0005396503631509923,0.0005432649604428745,True
125,466.16077640863625,167.23506603654397,125,136,double_positive,46,19.49252693065077,34.03882698373471,S6,69,17.0,0.2463768115942029,1,0.409600524530048,0.3656814523752828,1.7101449275362313,9991,0.7953362690152121,0.6015051173991572,0.9899723041388966,0.9595111869311963,False
126,473.81596000920246,338.98267349995143,126,0,live_only,133,86.16037981825225,0.0,S6,179,272.0,1.5195530726256983,16,0.37371281279552526,0.19341730961394438,0.8547486033519555,7343,0.00013616557734204794,4.066098406578082,0.0005451155628181591,0.0005432649604428745,True
127,475.5652735627367,200.45966365785733,127,0,live_only,104,180.28070075378568,0.0,S6,139,337.0,2.4244604316546763,17,0.3960209284115316,0.2181737125061557,0.9784172661870504,8719,0.00011467889908256881,6.122051279914325,0.0005396503631509923,0.0005432649604428745,True
128,471.3996280265827,806.220513136502,128,138,double_positive,31,19.252109596479997,13.87588995969844,S6,52,0.0,0.0,0,0.3293831640058055,0.48564617400916466,2.461538461538461,10600,1.0,0.0,1.0,1.0,False
129,477.36133112053903,766.4418867203684,129,0,live_only,99,171.6424948613324,0.0,S6,134,371.0,2.7686567164179103,18,0.3203563369426303,0.3085297647266231,1.9402985074626866,9121,0.00010962508221881167,8.642428437161596,0.0005396503631509923,0.0005432649604428745,True
130,485.87887747969074,96.01791022968628,130,0,live_only,104,170.7325843809864,0.0,S6,141,789.0,5.595744680851064,33,0.42052637311243085,0.2525841072472469,1.3191489361702127,11070,9.032607713846988e-05,13.306524961646105,0.0005396503631509923,0.0005432649604428745,True
131,486.29753985968216,991.6745970752146,131,144,double_positive,37,29.49453348961985,48.70680797866692,S6,59,51.0,0.864406779661017,3,0.23875323182993394,0.26303125345306116,0.8644067796610172,8260,0.04866238954121777,3.620502947900373,0.11525534135203105,0.1132584818525688,False
132,491.971080165746,552.1552924491218,132,0,live_only,103,24.807199596180148,0.0,S6,138,136.0,0.9855072463768116,8,0.31900303035902366,0.20866215531428833,0.9782608695652172,9412,0.008498884521406565,3.0893350613869317,0.024550229898138785,0.024295724229673115,True
133,492.2779763643324,163.71868469240542,133,0,live_only,26,10.910421381392169,0.0,S6,45,102.0,2.2666666666666666,6,0.40436931777137963,0.39995313945991035,1.511111111111111,10767,0.0015787518573551263,5.605436829774963,0.005043451130516253,0.004972595670471835,True
134,497.8313301177259,260.60434389581883,134,0,live_only,123,220.27506093983408,0.0,S6,133,622.0,4.676691729323308,27,0.38730596919934634,0.23175027500654677,1.0225563909774436,10219,9.784735812133073e-05,12.07492809623137,0.0005396503631509923,0.0005432649604428745,True
135,496.9181994068314,405.2004150142419,135,0,live_only,87,160.15773436503264,0.0,S6,118,304.0,2.5762711864406778,16,0.3456008676881491,0.24607875138702978,1.0084745762711864,8001,0.00012496875781054737,7.454469670965527,0.0005396503631509923,0.0005432649604428745,True
136,501.4000084285808,596.3345481689367,136,0,live_only,118,217.8469486317909,0.0,S6,155,523.0,3.3741935483870966,26,0.33632872503840244,0.19568521988171403,0.8774193548387095,9912,0.00010087763542822556,10.03242749486184,0.0005396503631509923,0.0005432649604428745,True
137,502.0739498427386,431.0906390129454,137,0,live_only,69,38.284828186062526,0.0,S6,98,404.0,4.122448979591836,17,0.3220495397259016,0.2581812227018543,1.0408163265306123,8890,0.00011247328759419637,12.800667198905108,0.0005396503631509923,0.0005432649604428745,True
138,505.1104155351817,823.8557921130051,138,0,live_only,133,61.08880994927292,0.0,S6,174,237.0,1.3620689655172413,13,0.24998763408770897,0.1641206577626072,0.6839080459770113,10457,9.562057754828839e-05,5.448545367005454,0.0005396503631509923,0.0005432649604428745,True
139,501.9119966655279,748.7033124989698,139,151,double_positive,44,28.690496308866585,48.27948203504912,S6,68,0.0,0.0,0,0.3057405956112853,0.43368264425578856,2.4558823529411766,10208,1.0,0.0,1.0,1.0,False
140,510.6662478964134,522.5071959324575,140,0,live_only,121,134.85588254345598,0.0,S6,159,491.0,3.088050314465409,24,0.31510511605298336,0.18571379506854557,0.8553459119496853,8229,0.00012150668286755772,9.800064033064345,0.0005396503631509923,0.0005432649604428745,True
141,512.6551103238126,368.6155127726125,141,0,live_only,113,24.978736528951167,0.0,S6,155,204.0,1.3161290322580645,12,0.3789841898361873,0.2104018963756783,0.9870967741935484,6778,0.001475143826523086,3.4727808377097475,0.004735795898515947,0.00467425092018761,True
142,511.5911379311328,921.2148054013552,142,0,live_only,81,220.42365420365263,0.0,S6,111,185.0,1.6666666666666667,9,0.26079217904035423,0.19853943001861124,0.7657657657657657,10275,9.731413001167769e-05,6.390784696073157,0.0005396503631509923,0.0005432649604428745,True
143,513.0249317195984,753.0380260277503,143,0,live_only,92,135.95637730398303,0.0,S6,125,289.0,2.312,15,0.302441086336257,0.3455614204415368,2.08,9463,0.00507185122569738,7.644464011180992,0.01522729407344792,0.015072281043597863,True
144,514.1809430755775,677.4038078312295,144,0,live_only,54,12.977457362121124,0.0,S6,86,101.0,1.1744186046511629,5,0.2831981251126735,0.24334521719098398,0.9883720930232558,10965,0.0034652562465803394,4.146985804315998,0.010675623163455345,0.010535981420238488,True
145,517.7365214051713,303.03348374598374,145,0,live_only,102,211.62251339850656,0.0,S6,136,673.0,4.948529411764706,33,0.3832431118527375,0.23941493765332503,1.1249999999999998,8954,0.00011166945840312674,12.912246192349558,0.0005396503631509923,0.0005432649604428745,True
146,519.8843296925226,19.87801577806448,146,154,double_positive,43,32.27080154120108,30.22234807026436,S6,66,34.0,0.5151515151515151,2,0.4594895156427949,0.49799033580911906,1.5454545454545454,6785,0.49837901562039494,1.1211387803503043,0.7271063928680003,0.7241639840230047,False
147,529.4973447219013,900.4312331118291,147,0,live_only,102,20.182906289395135,0.0,S6,132,119.0,0.9015151515151515,7,0.24714994336476906,0.18498292108082035,0.7727272727272726,9524,0.0025196850393700786,3.647644580620452,0.007874774689308415,0.007796201945345066,True
148,536.6126742259382,902.9022564146584,148,0,live_only,68,12.547713647243876,0.0,S6,99,102.0,1.0303030303030303,6,0.24037550706986785,0.21335049821375,0.8585858585858586,9629,0.0036344755970924196,4.286223013576675,0.01114400673623846,0.010986977954428809,True
149,533.746334156457,937.1684781907868,149,0,live_only,157,71.64840002637006,0.0,S6,202,153.0,0.7574257425742574,9,0.25149813037964996,0.1446538390299623,0.5891089108910891,8542,0.0012876038862226385,3.0116555595498165,0.004185519399575845,0.0041807385441549865,True
150,533.7448480534781,612.0335482967278,150,0,live_only,103,41.48899977059877,0.0,S6,138,220.0,1.5942028985507246,12,0.31799962813618166,0.19595837452147996,0.8623188405797101,10211,9.792401096748923e-05,5.013222524486776,0.0005396503631509923,0.0005432649604428745,True
151,540.0228597080727,375.6451208702797,151,0,live_only,110,49.53263329353492,0.0,S6,148,170.0,1.1486486486486487,10,0.3729499326244353,0.19654638857718706,0.9189189189189187,7742,0.00012914890869172155,3.079900405305477,0.0005396503631509923,0.0005432649604428745,True
152,546.9322319965905,510.6031035803023,152,160,double_positive,108,214.3397158641937,15.7232870707852,S6,146,608.0,4.164383561643835,31,0.2937596279670703,0.1833536253620391,0.8150684931506847,6616,0.0001511258878645912,14.176160252050197,0.0005801302050136311,0.0005802351607063867,True
153,555.2024774776794,394.12551502434445,153,164,double_positive,37,24.92939301665236,10.648659778531856,S6,60,0.0,0.0,0,0.35260123784261715,0.3164403723512484,1.1333333333333333,9425,1.0,0.0,1.0,1.0,False
154,556.8243232774695,232.7956990790079,154,165,double_positive,34,11.21098500114242,31.64253484346509,S6,54,0.0,0.0,0,0.37242956419065504,0.340088290240459,1.2592592592592595,10414,1.0,0.0,1.0,1.0,False
155,560.6096577019634,101.2027581595292,155,0,live_only,113,227.7609380439971,0.0,S6,148,712.0,4.8108108108108105,35,0.39744123038865614,0.19293641071542056,0.9189189189189187,11013,9.079353550027238e-05,12.104458327351539,0.0005396503631509923,0.0005432649604428745,True
156,559.7581906494182,920.618178835834,156,0,live_only,63,55.70980423773037,0.0,S6,91,152.0,1.6703296703296704,8,0.25555268534938164,0.21921151531160651,0.7472527472527474,9444,0.00010587612493382742,6.536146032064038,0.0005396503631509923,0.0005432649604428745,True
157,560.2719350927059,278.2665657898124,157,166,double_positive,43,26.673720376914645,64.23637164818192,S6,66,17.0,0.25757575757575757,1,0.3522653465223458,0.29936996525420534,1.2878787878787876,9751,0.7485643970467596,0.7311981156211128,0.9362468881095922,0.9093415077288581,False
158,564.4517876297708,443.0691004933501,158,167,double_positive,99,106.31071572127424,33.95192635075265,S6,136,321.0,2.360294117647059,17,0.32168571636575427,0.19492721845977737,0.7500000000000006,8080,0.00012374706100730108,7.337267393505971,0.0005396503631509923,0.0005432649604428745,True
159,563.8931821466224,775.9512436347367,159,170,double_positive,42,31.296635149756764,58.73884522358511,S6,64,0.0,0.0,0,0.25204259616267327,0.26088225863960224,1.0625,10893,1.0,0.0,1.0,1.0,False
160,573.467267744083,1009.3534227390752,160,0,live_only,148,180.70293266546017,0.0,S6,171,372.0,2.175438596491228,20,0.22205461859067557,0.15354943508947475,0.6959064327485379,5792,0.00017262213015708613,9.796862638112128,0.000630678599475326,0.0006219126059084062,True
161,574.9782790154759,496.3252713473265,161,0,live_only,82,35.02591734604226,0.0,S6,115,421.0,3.6608695652173915,20,0.3043035998829306,0.20937824267751465,0.8869565217391304,6685,0.00014956625785222854,12.030319610500085,0.0005801302050136311,0.0005784694972814133,True
162,577.120698427078,377.1304740590956,162,0,live_only,84,52.23841329784307,0.0,S6,117,85.0,0.7264957264957265,5,0.3341805612952774,0.2194163847689452,1.0085470085470085,9493,0.07425742574257425,2.173961656177257,0.16407475500531313,0.15877807292924412,False
163,577.1088843986922,400.4637922597968,163,174,double_positive,46,38.68659805641052,52.81988416003788,S6,71,68.0,0.9577464788732394,4,0.3310543526723702,0.27257371036351413,0.9577464788732398,10393,0.0477198383682894,2.8930188385744575,0.11398274468447762,0.11205640616839385,False
164,586.0503384218871,954.5907080759984,164,0,live_only,93,30.839784052455816,0.0,S6,128,68.0,0.53125,4,0.24483926240208878,0.18634596904724587,0.7968749999999999,9192,0.12803219841183508,2.1697908856119303,0.2594652520939845,0.2539416219551292,False
165,588.3569539135012,910.520178872202,165,182,double_positive,69,199.53827591035812,5.638425814241698,S6,98,152.0,1.5510204081632653,8,0.28119730722674086,0.2275874301997919,0.8673469387755102,9610,0.00010404744563520966,5.515772620513092,0.0005396503631509923,0.0005432649604428745,True
166,590.5370547440734,227.7669571781221,166,0,live_only,96,229.21643552701943,0.0,S6,107,236.0,2.205607476635514,11,0.3602743530581646,0.22804855314109454,0.9532710280373832,9624,0.0001038961038961039,6.122021892242296,0.0005396503631509923,0.0005432649604428745,True
167,588.4976123497622,551.6165077441846,167,0,live_only,64,49.74841669128603,0.0,S6,94,254.0,2.702127659574468,14,0.30790809404478775,0.23052518998020052,0.9042553191489362,7998,0.00012501562695336918,8.775760403302101,0.0005396503631509923,0.0005432649604428745,True
168,587.2210722319081,638.8171867845729,168,180,double_positive,30,20.5847785916025,16.637696161219658,S6,49,34.0,0.6938775510204082,2,0.34804202829400477,0.35189271758431534,1.3877551020408163,10137,0.25892681002170054,1.9936602324195816,0.45990568414080785,0.45146592744909414,False
169,590.8882860892509,563.7632841191495,169,0,live_only,75,71.66637606595667,0.0,S6,105,422.0,4.019047619047619,21,0.3102190511511812,0.22211350542033761,0.9714285714285712,8089,0.00012360939431396787,12.955515156575567,0.0005396503631509923,0.0005432649604428745,True
170,595.3596221732645,470.7440918112399,170,185,double_positive,60,30.06026462122123,57.53841720830797,S6,87,34.0,0.39080459770114945,2,0.33811997717778675,0.2519569350714167,0.9770114942528736,8018,0.5206384836014466,1.1558163494600635,0.7461526113050566,0.74620120537973,False
171,595.3195724069969,185.97938857498315,171,184,double_positive,38,25.808522384345057,40.166832015859605,S6,59,51.0,0.864406779661017,3,0.3684532804860024,0.3139593747216677,1.152542372881356,11238,0.12598985674882107,2.346041751944331,0.2565287978072542,0.25102524488590866,False
172,601.4851906103179,505.1814678032697,172,0,live_only,173,24.59281810164576,0.0,S6,220,221.0,1.0045454545454546,13,0.3206941867656154,0.1420775988489833,0.6181818181818182,5880,0.00017003910899506886,3.1324093045679158,0.0006265361487687623,0.000621115078690321,True
173,599.1174752167718,669.9493216494487,173,0,live_only,85,222.8077769948273,0.0,S6,115,287.0,2.4956521739130433,15,0.29763037076329313,0.2239148149934428,1.034782608695652,9508,0.0001051635292880429,8.385072287860863,0.0005396503631509923,0.0005432649604428745,True
174,601.2925290200652,693.6654829733146,174,0,live_only,20,16.806686940740725,0.0,S6,37,33.0,0.8918918918918919,1,0.30271891787277894,0.3782910404361663,1.3783783783783783,10334,0.14107402031930333,2.9462707456780737,0.27849772352227764,0.26983612613801294,False
175,602.6074133075786,47.2842436301658,175,0,live_only,113,174.81284528842718,0.0,S6,149,271.0,1.8187919463087248,15,0.3870110333077067,0.19664519740300498,0.9127516778523486,8075,0.00012382367508667657,4.699586807032011,0.0005396503631509923,0.0005432649604428745,True
176,601.9792495470112,84.38774873000212,176,0,live_only,89,169.7836415529788,0.0,S6,122,401.0,3.2868852459016393,14,0.37377134252681904,0.20773732474592443,0.9754098360655735,9635,0.00010377750103777501,8.793839633828528,0.0005396503631509923,0.0005432649604428745,True
177,600.8862405486897,739.0719780198912,177,0,live_only,51,18.96149407566164,0.0,S6,79,51.0,0.6455696202531646,3,0.268451693641096,0.2330207868827063,0.8607594936708861,9943,0.12841914722445696,2.4047887778136086,0.2598434226990962,0.2539416219551292,False
178,605.9244726907972,263.6515195381571,178,0,live_only,103,23.187702338059022,0.0,S6,138,271.0,1.963768115942029,14,0.3939602838698645,0.23138849279751814,1.108695652173913,9492,0.00010534077741493732,4.984685503452205,0.0005396503631509923,0.0005432649604428745,True
179,610.4205626870302,196.8454753068123,179,0,live_only,56,13.527398913462338,0.0,S6,85,51.0,0.6,3,0.38049430039111687,0.2707205978795517,1.1882352941176468,10558,0.29500899706411593,1.5768961568760669,0.5074624259842949,0.4989541236518488,False
180,610.5092575713344,593.0705192163622,180,0,live_only,107,184.76480278334583,0.0,S6,142,407.0,2.8661971830985915,23,0.3310300061236987,0.19896714163336024,0.9507042253521126,8625,0.00011592858798979828,8.65842107989315,0.0005396503631509923,0.0005432649604428745,True
181,612.775103509084,323.4424745165218,181,0,live_only,112,165.60147236149058,0.0,S6,110,202.0,1.8363636363636364,9,0.3711722719361474,0.24960320767647753,1.0818181818181818,10342,0.00019336749492410325,4.947469881800722,0.0006909693975673828,0.0006736499146411277,True
182,619.669513108566,515.5415762049699,182,0,live_only,53,29.76478967113004,0.0,S6,80,118.0,1.475,6,0.32323462729484626,0.2562949268621012,1.0624999999999996,9042,0.00011058277120424638,4.563248722280436,0.0005396503631509923,0.0005432649604428745,True
183,622.098799946278,687.1350923610607,183,0,live_only,75,185.31803270359205,0.0,S6,105,187.0,1.7809523809523808,11,0.3051906696575633,0.23238861166809402,0.9714285714285714,9107,0.00010979358805445762,5.835540067298531,0.0005396503631509923,0.0005432649604428745,True
184,624.9724779493055,40.43850481252835,184,0,live_only,80,209.371735601261,0.0,S6,111,404.0,3.6396396396396398,19,0.36998454502004263,0.22066480110735434,0.9189189189189192,7747,0.00012906556530717606,9.83727479601202,0.0005396503631509923,0.0005432649604428745,True
185,624.3321162568085,532.3457695536246,185,0,live_only,112,180.7411808332517,0.0,S6,149,472.0,3.1677852348993287,23,0.3172627144020014,0.18715302633438594,0.7986577181208053,7643,0.00013082155939298797,9.984738486746508,0.0005420944489862793,0.0005432649604428745,True
186,624.8865865721676,867.9590688332468,186,0,live_only,79,115.31787238423996,0.0,S6,110,254.0,2.309090909090909,13,0.29076913344983274,0.21373218365870375,0.9272727272727272,11497,8.697164724299878e-05,7.9413205992488995,0.0005396503631509923,0.0005432649604428745,True
187,627.551582768159,736.9917475216719,187,0,live_only,33,10.330999263283688,0.0,S6,58,17.0,0.29310344827586204,1,0.2694287441023563,0.2716387811472965,0.8793103448275864,10042,0.6109728168873843,1.0878700015931178,0.8160986029896369,0.8177396989383311,False
188,641.9405671351119,442.01248159489353,188,198,double_positive,123,232.6531143900028,48.42704179006364,S6,144,758.0,5.263888888888889,32,0.3191318256344454,0.17676814788454173,0.7083333333333335,9352,0.00010691756655618518,16.494402833136718,0.0005396503631509923,0.0005432649604428745,True
189,647.742409479178,35.18735668559312,189,0,live_only,96,53.997622085785714,0.0,S6,129,336.0,2.604651162790698,16,0.35378636805235975,0.1975923928218767,0.9224806201550386,6519,0.00015337423312883436,7.362214596140726,0.0005850775893179358,0.0005825388949923805,True
190,650.4356470014447,397.3757724615511,190,0,live_only,73,11.991485511181653,0.0,S6,107,119.0,1.1121495327102804,7,0.32586772530532354,0.21874791729563636,0.9532710280373831,10170,0.002654606233408711,3.4128864147814757,0.008236900202705977,0.008118156271935942,True
191,652.0308897110106,677.6261571916906,191,0,live_only,97,232.17632898738543,0.0,S6,131,270.0,2.0610687022900764,14,0.2894747314433122,0.20111730928525542,0.9083969465648855,9783,0.00010220768601798856,7.12002975877601,0.0005396503631509923,0.0005432649604428745,True
192,659.057263038575,124.9678068428644,192,0,live_only,96,111.89207191132624,0.0,S6,130,454.0,3.4923076923076923,22,0.39712367838278,0.21685127407014076,0.9153846153846154,8927,0.00011200716845878136,8.794005198908142,0.0005396503631509923,0.0005432649604428745,True
193,671.2722849296522,163.71665137960963,193,0,live_only,46,18.86284239669218,0.0,S6,70,34.0,0.4857142857142857,2,0.3823756597862936,0.298883113109716,1.214285714285714,9987,0.45744893872647174,1.270254194489647,0.6923118710947886,0.695428155404983,False
194,673.6709578867227,336.0398676950898,194,212,double_positive,112,233.3222034665391,70.37023815686196,S6,149,355.0,2.38255033557047,19,0.3676536098803092,0.192822023344411,0.7986577181208053,10983,9.104151493080845e-05,6.480421438935733,0.0005396503631509923,0.0005432649604428745,True
195,670.2618592272611,503.98324077371,195,211,double_positive,24,15.428225795491858,8.67491993091146,S6,42,34.0,0.8095238095238095,2,0.3295488021590596,0.3656378068701422,1.619047619047618,10022,0.18756859223785294,2.4564610892837835,0.3525567943987893,0.34257319276774534,False
196,674.5598216297823,813.8788159558939,196,0,live_only,70,139.9628313493865,0.0,S6,99,119.0,1.202020202020202,7,0.2753785759351622,0.20342766400221327,0.8585858585858586,11319,0.0007067137809187279,4.3649735566328784,0.0023502763432092055,0.002337933640020446,True
197,675.8762717924529,945.2468084999392,197,0,live_only,116,232.2368003082286,0.0,S6,152,590.0,3.8815789473684212,30,0.23654211227423,0.1797191870040006,0.7828947368421051,9759,0.00010245901639344262,16.409673990178952,0.0005396503631509923,0.0005432649604428745,True
198,686.6610349217028,189.3977027345932,198,215,double_positive,117,230.25171060249536,11.33442855250251,S6,156,789.0,5.0576923076923075,34,0.38383610381095185,0.19369989510491517,0.8717948717948716,9542,0.00010478885046631039,13.176697703724447,0.0005396503631509923,0.0005432649604428745,True
199,695.9775480765487,910.6278006588492,199,0,live_only,133,66.3451494644789,0.0,S6,174,203.0,1.1666666666666667,11,0.28695364937487916,0.18383702190643014,0.7816091954022987,9691,0.0001031778786628147,4.065697262286849,0.0005396503631509923,0.0005432649604428745,True
200,693.7576527878084,425.8155759405517,200,216,double_positive,42,24.04805601233065,46.86776826230697,S6,65,17.0,0.26153846153846155,1,0.341183511522576,0.3046139551905493,1.0461538461538464,10411,0.7144640799077987,0.7665624296183365,0.8996698171266164,0.8760095711690026,False
201,698.1094572159866,100.90379210965322,201,217,double_positive,62,69.20608865580562,55.57200052177047,S6,90,119.0,1.3222222222222222,7,0.35444713410059314,0.2458367972576672,0.9444444444444446,7849,0.00025477707006369424,3.7303792160073486,0.0008788453720016262,0.000859056018291687,True
202,703.1665183659036,941.0927425359596,202,0,live_only,98,18.93439902008872,0.0,S6,143,68.0,0.4755244755244755,4,0.24596854249851097,0.19199249794703296,0.832167832167832,9510,0.17411418357691094,1.9332735426008967,0.33209720014596106,0.3213475809173865,False
203,700.6378277085566,246.7925172421628,203,220,double_positive,43,33.32404477858519,50.94519054159477,S6,66,51.0,0.7727272727272727,3,0.42796564507090823,0.3415657245649973,1.5303030303030303,11248,0.21984176371233,1.8055824845455575,0.4004701791220393,0.3919890430938494,False
204,701.4726864724092,62.51303728282502,204,222,double_positive,34,29.43808737052916,60.7517692183858,S6,55,17.0,0.3090909090909091,1,0.33224227805962264,0.31119193976398296,1.2363636363636359,9121,0.6624643718482789,0.9303178117368949,0.8557931178159539,0.8457676203694046,False
205,702.8674072092165,493.6864812076571,205,223,double_positive,37,26.114862736348936,52.1764641596681,S6,59,17.0,0.288135593220339,1,0.34002022176432595,0.31849427991035484,1.4237288135593213,11047,0.6995836350470673,0.8474072269150241,0.8869598970244832,0.8678796981951826,False
206,712.8587625865673,111.02983642789098,206,0,live_only,212,53.61528885849974,0.0,S6,264,390.0,1.4772727272727273,22,0.37103628157786767,0.13317292595704192,0.7083333333333333,5170,0.00019338619222587506,3.9814778247304607,0.0006909693975673828,0.0006736499146411277,True
207,709.6289055894315,55.4760842742567,207,228,double_positive,40,18.06502648756163,41.78274729482582,S6,63,85.0,1.3492063492063493,5,0.33874361454495305,0.2936985721842708,1.0793650793650793,8517,0.004930734914299131,3.982972051056338,0.014872472520572031,0.014736173664325813,True
208,716.2437815245574,731.3444595892271,208,0,live_only,87,70.81415077508,0.0,S6,119,236.0,1.9831932773109244,12,0.30428924037880317,0.20542913935067644,0.8571428571428571,11344,8.814455707360071e-05,6.517461067115254,0.0005396503631509923,0.0005432649604428745,True
209,719.5375384494752,873.3261807944814,209,0,live_only,121,204.51014100524205,0.0,S6,159,372.0,2.339622641509434,20,0.2793503324973089,0.17276348621593013,0.7484276729559748,9208,0.0001085894233901618,8.375227695610395,0.0005396503631509923,0.0005432649604428745,True
210,719.4354823396178,550.0455403642919,210,0,live_only,100,181.62532005051025,0.0,S6,133,704.0,5.293233082706767,31,0.3404860088365243,0.21521867745658305,0.992481203007519,9700,0.00010308215647871353,15.546110399056596,0.0005396503631509923,0.0005432649604428745,True
211,718.7267380500656,481.4031028595624,211,0,live_only,62,20.09959999460952,0.0,S6,94,118.0,1.2553191489361701,6,0.3352686388351304,0.2581296562687756,1.0851063829787233,10851,0.006542572797640988,3.7442188249330353,0.019241988477415786,0.019013222605299224,True
212,726.0680277813914,583.7652214465217,212,0,live_only,98,161.8705357678557,0.0,S6,132,204.0,1.5454545454545454,12,0.3268831260712827,0.21147293263330158,0.9015151515151515,9423,0.00010611205432937182,4.727850482920099,0.0005396503631509923,0.0005432649604428745,True
213,729.9543421548947,137.80447686284947,213,0,live_only,84,19.21024012759961,0.0,S6,106,102.0,0.9622641509433962,6,0.3994081980550928,0.2337260971059028,0.9622641509433963,7792,0.026562299499550877,2.4092248372194534,0.06862809253170814,0.06717196892674884,False
214,726.7346589991336,145.80633636738085,214,0,live_only,56,14.989646806302552,0.0,S6,80,68.0,0.85,4,0.39268564514074644,0.26730370455307406,1.0625,7851,0.09755476311767702,2.16458128917685,0.20697298772615302,0.20145158034348154,False
215,734.6774005701199,143.41222473735615,215,232,double_positive,39,14.214973739839234,18.24514088080757,S6,57,68.0,1.1929824561403508,4,0.40220966285960985,0.33401748124627084,1.4912280701754383,8940,0.04127055139246169,2.966071097493145,0.10023952276408767,0.09822764720558755,False
216,728.9791821212406,822.8345152830047,216,0,live_only,42,12.012101796637031,0.0,S6,67,170.0,2.537313432835821,10,0.26557016616633544,0.2692532863559296,1.0149253731343284,10237,9.767532721234616e-05,9.554211112880116,0.0005396503631509923,0.0005432649604428745,True
217,732.8886143301744,47.082233337824896,217,0,live_only,138,171.65713011106195,0.0,S6,179,658.0,3.6759776536312847,33,0.3488175261589276,0.17099690549678873,0.7597765363128494,6495,0.0001539408866995074,10.53839723625711,0.0005855170969186542,0.0005825388949923805,True
218,734.8664314590824,851.9747421179281,218,0,live_only,68,24.64387937650542,0.0,S6,98,51.0,0.5204081632653061,3,0.2815233052632877,0.22694833168577208,1.040816326530612,9929,0.2190332326283988,1.848543809822804,0.4001212714352581,0.39187578354604685,False
219,739.5328280541537,869.3092489149477,219,235,double_positive,35,24.570686414302838,28.190824861045648,S6,56,17.0,0.30357142857142855,1,0.25742960148104843,0.2727802666973536,1.1964285714285712,10263,0.5855416991426344,1.1792405645074078,0.7927427805720219,0.7928648607483899,False
220,741.6423932310922,201.88078189433148,220,0,live_only,69,125.62479335781734,0.0,S6,98,235.0,2.3979591836734695,10,0.39244258163918155,0.24499449600055004,1.0408163265306123,9378,0.00010662117496534811,6.110344024487624,0.0005396503631509923,0.0005432649604428745,True
221,744.1200654044009,306.11429098754815,221,0,live_only,127,33.181511746024746,0.0,S6,167,238.0,1.4251497005988023,13,0.37155575506374405,0.19764759245371913,1.1137724550898203,10058,9.941346058256288e-05,3.835628115501276,0.0005396503631509923,0.0005432649604428745,True
222,747.6986260669728,337.29722323797387,222,241,double_positive,91,44.74490324649273,6.185065441781264,S6,124,119.0,0.9596774193548387,7,0.36974001935679396,0.23653923005010177,1.096774193548387,9899,0.022424242424242423,2.595546516777681,0.058756045301499846,0.05753732446415373,False
223,760.5865737422446,177.38614833412058,223,0,live_only,121,85.60435178825779,0.0,S6,162,322.0,1.9876543209876543,17,0.41094428878033723,0.1938863756815919,0.9444444444444444,8962,0.00011156978690170702,4.836797530115131,0.0005396503631509923,0.0005432649604428745,True
224,748.3562675259806,169.9824447874375,224,0,live_only,39,18.098493926195168,0.0,S6,62,136.0,2.193548387096774,8,0.413007197246271,0.33300682480989285,1.3709677419354835,9587,0.00020859407592824363,5.311162618284322,0.0007328884393488198,0.0007171273460016742,True
225,752.5927478100796,601.3601234728471,225,0,live_only,82,197.66185834456,0.0,S6,113,286.0,2.5309734513274336,14,0.2852703988907891,0.21099559373836016,0.7522123893805311,9242,0.00010818998160770312,8.872190949949818,0.0005396503631509923,0.0005432649604428745,True
226,756.2591585168396,102.28582769263522,226,0,live_only,162,41.71431109763458,0.0,S6,209,272.0,1.3014354066985645,16,0.35846114956656255,0.16962953830869884,0.8947368421052628,6322,0.00015815277558121145,3.630617734368732,0.0005980295916292456,0.0005942025711122658,True
227,761.1393961299761,223.10878732522383,227,243,double_positive,52,43.93897653611136,53.7138162321416,S6,77,17.0,0.22077922077922077,1,0.4032235397452789,0.29693539070385006,1.3116883116883113,10350,0.8493865327021544,0.5475355454661442,1.0,1.0,False
228,770.368797049337,709.0957723743469,228,0,live_only,113,233.7271060813021,0.0,S6,150,355.0,2.3666666666666667,19,0.3078538165620571,0.17681693639654364,0.6800000000000003,9878,0.00010122482032594392,7.687631399526906,0.0005396503631509923,0.0005432649604428745,True
229,769.6359698322873,419.5655026184938,229,246,double_positive,32,14.421462076431627,8.985550968183734,S6,53,17.0,0.32075471698113206,1,0.3458175603843135,0.36287161912781596,1.2830188679245282,11394,0.6365949978060553,0.9275258220683512,0.8374178808554207,0.8380022009650385,False
230,778.4956231825219,881.098869188444,230,0,live_only,134,36.081502909020365,0.0,S6,178,221.0,1.2415730337078652,13,0.2803783569122609,0.1715228709877957,0.8595505617977528,8969,0.00011148272017837236,4.428205683851668,0.0005396503631509923,0.0005432649604428745,True
231,779.2162269435072,324.01050226160845,231,0,live_only,108,82.68213003353392,0.0,S6,143,406.0,2.839160839160839,20,0.3620166871258832,0.2176784659836542,1.1818181818181819,8471,0.00011803588290840416,7.84262422183203,0.0005396503631509923,0.0005432649604428745,True
232,781.2269042501327,802.7387833123114,232,0,live_only,118,230.80204808703837,0.0,S6,155,288.0,1.8580645161290323,16,0.24439909297052156,0.17152656941852953,0.7677419354838707,8820,0.00011336583153837434,7.602583518397691,0.0005396503631509923,0.0005432649604428745,True
233,781.8276927945197,341.37311485910703,233,0,live_only,80,226.1712594582032,0.0,S6,110,588.0,5.345454545454546,26,0.3388493912754673,0.2183849604766606,0.9272727272727272,8759,0.00011415525114155251,15.775311046992448,0.0005396503631509923,0.0005432649604428745,True
234,790.1426991119562,640.9046168969523,234,0,live_only,107,234.63472745959456,0.0,S6,142,389.0,2.73943661971831,21,0.28819633934411637,0.18596714985787494,0.7183098591549296,10917,9.159186664224217e-05,9.505452518768214,0.0005396503631509923,0.0005432649604428745,True
235,791.7090914671437,771.4236141416028,235,0,live_only,143,101.24253598495255,0.0,S6,185,168.0,0.9081081081081082,8,0.27798032750315443,0.17468355777735808,0.8270270270270269,7754,0.0051579626047711154,3.2668071020162506,0.015450063506670062,0.015242069270278689,True
236,793.738942128126,114.65242316236444,236,0,live_only,82,20.16648037667025,0.0,S6,109,102.0,0.9357798165137615,6,0.37368437028099655,0.22930019367233878,1.0917431192660547,9672,0.02842964953995658,2.5041984384042886,0.07258514853016473,0.07086000381910021,False
237,800.3959438595631,111.80570891509036,237,0,live_only,20,10.084885158238706,0.0,S6,33,17.0,0.5151515151515151,1,0.3825272630991723,0.4439159588278623,1.5454545454545454,10701,0.5262567744346851,1.346705358927474,0.752541385272091,0.752203976501751,False
238,797.9534233979754,742.8553347190247,238,254,double_positive,101,227.5409014420516,18.830444892862936,S6,135,302.0,2.237037037037037,12,0.2900708405131151,0.18678488266049534,0.7555555555555555,8705,0.00011486331265793706,7.712036939252061,0.0005396503631509923,0.0005432649604428745,True
239,796.8323534002249,90.48327674904888,239,255,double_positive,43,36.68178995490709,90.22609441451034,S6,65,0.0,0.0,0,0.3793190161669629,0.32274110398594613,1.3076923076923077,9911,1.0,0.0,1.0,1.0,False
240,815.3933757858362,900.5757372920203,240,0,live_only,118,229.24027906112693,0.0,S6,154,422.0,2.74025974025974,22,0.24415945567224764,0.15614621974591816,0.6623376623376622,8990,0.00011122233344455567,11.223238242872654,0.0005396503631509923,0.0005432649604428745,True
241,817.3048387857589,291.78268850256904,241,0,live_only,127,207.52288390254213,0.0,S6,167,789.0,4.724550898203593,35,0.31574081978608975,0.17574011761961245,0.810538922155687,7365,0.00013575889220743959,14.963383262906627,0.0005451155628181591,0.0005432649604428745,True
242,820.9102340275526,725.00211764794,242,0,live_only,110,221.29164309846476,0.0,S6,147,371.0,2.5238095238095237,19,0.27368086483818643,0.18060152272907481,0.6938775510204082,8711,0.0001147842056932966,9.221724453778396,0.0005396503631509923,0.0005432649604428745,True
243,824.2154048729076,765.9861726782146,243,0,live_only,126,230.7363245900732,0.0,S6,164,221.0,1.3475609756097562,13,0.2539120379317898,0.16367875777445434,0.7256097560975608,7572,0.00013204806549584047,5.307196092734134,0.0005424118382115549,0.0005432649604428745,True
244,824.2657673209488,578.9673130993092,244,259,double_positive,42,40.80602096968844,28.20162147904809,S6,65,17.0,0.26153846153846155,1,0.337182082196603,0.29503132128606707,1.0461538461538464,11363,0.7130411826821542,0.7756594295718376,0.8989538202541997,0.8760095711690026,False
245,827.5684684492779,307.97153679391903,245,0,live_only,73,51.49651356882774,0.0,S6,106,391.0,3.688679245283019,23,0.30880728972595783,0.2186728423092739,0.9528301886792454,8355,0.00011967448539971278,11.944922830534315,0.0005396503631509923,0.0005432649604428745,True
246,835.8109787928166,315.2783831389512,246,0,live_only,28,11.266662813584404,0.0,S6,48,68.0,1.4166666666666667,4,0.31613799283154126,0.32987545673151814,1.4166666666666663,9300,0.012794323191054726,4.481165499844108,0.03553369845567019,0.03486950258287454,True
247,838.5852871824552,341.1526506737153,247,0,live_only,96,203.108477247673,0.0,S6,130,203.0,1.5615384615384615,10,0.30273995364177886,0.18977273472378645,0.7846153846153849,9259,0.00010799136069114471,5.158019094454157,0.0005396503631509923,0.0005432649604428745,True
248,844.5583646861132,874.5576398297085,248,0,live_only,142,33.47743611868034,0.0,S6,184,254.0,1.3804347826086956,13,0.24728767456385856,0.13333215958329384,0.5543478260869565,9119,0.00010964912280701755,5.582303222525625,0.0005396503631509923,0.0005432649604428745,True
249,842.1405436640549,794.9373618530767,249,264,double_positive,43,19.42353580888895,33.84477042045668,S6,66,0.0,0.0,0,0.24345882084169643,0.266889901196163,1.0303030303030303,9285,1.0,0.0,1.0,1.0,False
250,847.9529176741294,856.7632924016132,250,0,live_only,85,23.10743111948899,0.0,S6,123,303.0,2.4634146341463414,15,0.2555659047634748,0.17345687003508908,0.6910569105691057,8877,0.00011263798152737103,9.639058216416707,0.0005396503631509923,0.0005432649604428745,True
251,850.6193048852954,95.72312835963554,251,0,live_only,116,140.1789640126884,0.0,S6,153,306.0,2.0,18,0.3965865933347128,0.22235960122330434,1.189542483660131,8813,0.00011345586566825505,5.043034821684029,0.0005396503631509923,0.0005432649604428745,True
252,858.9308894342307,194.0826935554201,252,0,live_only,123,160.30515932437063,0.0,S6,161,573.0,3.559006211180124,28,0.3843509906995552,0.19842988103553483,1.0248447204968942,9892,0.00010108157282927322,9.25978154681583,0.0005396503631509923,0.0005432649604428745,True
253,860.1726215238693,904.104267264704,253,0,live_only,100,80.90241035201838,0.0,S6,133,406.0,3.0526315789473686,22,0.23650416082421102,0.16576221304184263,0.6390977443609023,8054,0.00012414649286157667,12.907306020786377,0.0005396503631509923,0.0005432649604428745,True
254,862.4713492660698,256.4829283914149,254,0,live_only,134,227.77520008539787,0.0,S6,173,1172.0,6.77456647398844,50,0.34474220091439994,0.17240361020638653,0.7861271676300579,7386,0.0001353729524840937,19.65110873000018,0.0005451155628181591,0.0005432649604428745,True
255,861.4408591720265,628.8594311504695,255,269,double_positive,39,25.592138312797008,16.944866012388122,S6,62,17.0,0.27419354838709675,1,0.2776007557907153,0.271058299538901,1.0967741935483868,11541,0.6430428002079362,0.9877262315301935,0.8416009201510528,0.8393064836460904,False
256,862.9156048707143,275.8218889070103,256,0,live_only,74,46.27338380489012,0.0,S6,105,338.0,3.219047619047619,17,0.3439689560316822,0.22876314673193146,0.9714285714285714,7461,0.00013401232913428035,9.35854112006294,0.0005451155628181591,0.0005432649604428745,True
257,865.8687387269262,510.8911275870474,257,0,live_only,89,107.1788295974426,0.0,S6,120,320.0,2.6666666666666665,15,0.3164816709292413,0.22612939244607494,0.9916666666666666,9775,0.00010229132569558102,8.425975061484296,0.0005396503631509923,0.0005432649604428745,True
258,872.0334717675247,330.81071037160314,258,0,live_only,136,121.1670985681648,0.0,S6,177,437.0,2.468926553672316,22,0.3182366410629171,0.1960008696276978,0.8644067796610168,7893,0.0001266784899923993,7.758146721967808,0.0005396503631509923,0.0005432649604428745,True
259,872.4835880889906,772.8662892473105,259,0,live_only,63,14.984069896944296,0.0,S6,96,119.0,1.2395833333333333,6,0.21412328928343252,0.20351742979919504,0.7083333333333335,9913,0.00010086746015735324,5.789110271384404,0.0005396503631509923,0.0005432649604428745,True
260,871.1820756611424,939.4505344111294,260,272,double_positive,33,25.092364708191354,44.52819322306421,S6,52,34.0,0.6538461538461539,2,0.22900969010195238,0.25600149762287044,0.9807692307692306,9137,0.14094987962355002,2.8551025659877944,0.27849772352227764,0.26983612613801294,False
261,874.4386028709612,111.90464161450434,261,276,double_positive,93,232.7232711723634,40.58844110565231,S6,123,753.0,6.121951219512195,27,0.3715308361225438,0.2321547334349304,1.2032520325203249,9138,0.000109421162052741,16.477639604301817,0.0005396503631509923,0.0005432649604428745,True
262,873.3069610554004,490.7353163224549,262,0,live_only,33,12.839508909629217,0.0,S6,56,250.0,4.464285714285714,10,0.3266394413657843,0.3361369506736355,1.5178571428571426,10853,9.213193292795283e-05,13.667319830143914,0.0005396503631509923,0.0005432649604428745,True
263,876.6865644859431,1004.0775791082935,263,0,live_only,126,92.13492315889287,0.0,S6,164,504.0,3.073170731707317,21,0.2583393303684682,0.2099491002658961,1.1280487804878048,4711,0.00021222410865874363,11.89586861328497,0.0007419263313487613,0.0007248693581460983,True
264,877.2120231842273,540.3353977358648,264,0,live_only,100,209.82138626563372,0.0,S6,135,489.0,3.6222222222222222,25,0.3432768473230901,0.21502037189765477,1.0074074074074073,8996,0.00011114816049794375,10.551897835431378,0.0005396503631509923,0.0005432649604428745,True
265,880.8208394040726,60.42290479883495,265,0,live_only,123,78.80394435397756,0.0,S6,160,357.0,2.23125,21,0.43432956263812955,0.20746140580945865,1.0625,8597,0.00011630611770179111,5.1372280220745905,0.0005396503631509923,0.0005432649604428745,True
266,881.9590829600717,966.2443633365392,266,0,live_only,116,116.2472359937686,0.0,S6,153,689.0,4.503267973856209,27,0.2390887815902654,0.16279610828332447,0.7712418300653594,7334,0.000136332651670075,18.83512870785219,0.0005451155628181591,0.0005432649604428745,True
267,878.9046460422983,558.803069178638,267,278,double_positive,36,30.07404606690973,37.98873918755001,S6,57,68.0,1.1929824561403508,4,0.33481377077217656,0.31864197854110915,1.1929824561403508,10381,0.02774031978424196,3.56312242889231,0.07110512798450952,0.06981535027038885,False
268,888.0998634023401,491.2338661360978,268,0,live_only,82,179.59295100950345,0.0,S6,114,286.0,2.508771929824561,14,0.32851128865460466,0.24069040097931865,1.043859649122807,9585,0.00010431879824744419,7.636790626279735,0.0005396503631509923,0.0005432649604428745,True
269,893.1134683154194,120.73910062947004,269,0,live_only,114,101.43354582618832,0.0,S6,152,539.0,3.5460526315789473,26,0.37484333812400805,0.2147153190521649,1.0855263157894732,7727,0.00012939958592132506,9.460092446423097,0.0005396503631509923,0.0005432649604428745,True
270,896.9460534296968,931.1565530368794,270,0,live_only,88,215.8969603490732,0.0,S6,119,321.0,2.697478991596639,17,0.20609403109421404,0.16463920965696394,0.7142857142857142,8039,0.0001243781094527363,13.088583775449132,0.0005396503631509923,0.0005432649604428745,True
271,897.5288037284432,253.44583964915927,271,285,double_positive,39,25.19024249779201,51.161818937659554,S6,61,34.0,0.5573770491803278,2,0.33579379806127657,0.2970529269618836,1.1147540983606559,9621,0.32249012679276656,1.6598789268842187,0.5467577705231611,0.5402223143089019,False
272,902.0386151918752,274.9276521882486,272,0,live_only,102,50.22940532499945,0.0,S6,140,254.0,1.8142857142857143,14,0.34764596864692077,0.20422470909942192,0.9642857142857141,8402,0.00011900511722004047,5.218773919188906,0.0005396503631509923,0.0005432649604428745,True
273,906.5732664902416,318.075319049807,273,0,live_only,130,224.66233835902517,0.0,S6,168,756.0,4.5,33,0.35462495882954564,0.19696089160661154,0.9047619047619048,8241,0.00012132977432661975,12.68946217111293,0.0005396503631509923,0.0005432649604428745,True
274,908.5311582108976,504.5013600474829,274,290,double_positive,35,16.669172619960747,25.81315828758769,S6,56,34.0,0.6071428571428571,2,0.32826719716000546,0.3364862960449093,1.4464285714285714,9497,0.2797431038113287,1.8495386148708632,0.48701584650106494,0.47619699872090265,False
275,912.5822669608935,966.147875964969,275,292,double_positive,33,16.198033713301346,20.347420011995577,S6,54,17.0,0.3148148148148148,1,0.21189823176578143,0.2332231980548577,0.9444444444444443,8305,0.5313026727666746,1.4856887298747765,0.7548818357026602,0.755429250482765,False
276,915.538570193032,367.732348246796,276,0,live_only,131,230.1108669860369,0.0,S6,169,573.0,3.3905325443786984,29,0.33679463295661816,0.20153777924682062,0.9053254437869821,8506,0.00011755025273304338,10.067062276539977,0.0005396503631509923,0.0005432649604428745,True
277,918.466978212474,540.8069032657164,277,0,live_only,101,233.3229296498452,0.0,S6,136,489.0,3.5955882352941178,22,0.2985828024328829,0.2205295454198241,1.0,8153,0.0001226391954868776,12.042181284377067,0.0005396503631509923,0.0005432649604428745,True
278,918.9622388372262,11.228792786192765,278,0,live_only,98,230.40575930622967,0.0,S6,132,271.0,2.053030303030303,15,0.3805399758055647,0.19722186890315588,0.893939393939394,6062,0.00016493485073396007,5.3950450243348165,0.0006182673450923301,0.000614707160987832,True
279,921.3942186471796,603.0214053635133,279,296,double_positive,38,27.797344900225912,19.304968865902783,S6,61,51.0,0.8360655737704918,3,0.2684654225148475,0.28863688266973664,1.1147540983606556,11055,0.08058972503617945,3.1142393159560546,0.1759678002894356,0.17092820713318704,False
280,923.1607378310522,385.3732601956198,280,0,live_only,53,23.90254614681165,0.0,S6,79,119.0,1.5063291139240507,7,0.333994840489638,0.28223366696337276,1.0759493670886082,10314,0.00116335433834222,4.5100370763685005,0.0038006815537276056,0.003800772558807501,True
281,924.832204980106,403.6132712520936,281,300,double_positive,32,17.709149865124107,4.2233633756865805,S6,54,34.0,0.6296296296296297,2,0.32390012219902864,0.3257416240728343,1.2592592592592593,10699,0.2657009345794393,1.9439005621700192,0.4675903828351869,0.4597325381210035,False
282,930.5994139205789,176.9635491945539,282,303,double_positive,38,22.47821606806545,23.25481342244414,S6,59,17.0,0.288135593220339,1,0.3478299444534223,0.33998752097125834,1.4406779661016944,10698,0.6921207589494345,0.8283806435156507,0.880343894752312,0.8609103503311158,False
283,935.7907912813024,809.6262064529215,283,0,live_only,117,192.35679744413252,0.0,S6,155,390.0,2.5161290322580645,21,0.1787762251302506,0.1547501824604239,0.6580645161290323,10829,9.233610341643582e-05,14.074181454636342,0.0005396503631509923,0.0005432649604428745,True
284,935.4916408035756,601.0659619047652,284,304,double_positive,36,38.53053742567819,47.78311839256508,S6,58,51.0,0.8793103448275862,3,0.2510815769064253,0.28577549392162377,1.172413793103448,11071,0.06231936416184971,3.5020902595147123,0.14180388652266504,0.137731031719046,False
285,943.080670231888,519.4515142371405,285,0,live_only,86,14.782156656260366,0.0,S6,130,185.0,1.4230769230769231,9,0.30465885465885467,0.23717604302906187,1.0461538461538462,9768,0.0013307400962227454,4.671050590899221,0.00430416435112444,0.004268105430568074,True
286,940.8160832232876,173.35084545184927,286,307,double_positive,32,11.577040248693011,22.0502019514476,S6,53,51.0,0.9622641509433962,3,0.33024168408040205,0.3358366981950915,1.283018867924529,10501,0.08122262426204532,2.913817962208306,0.1770516700300383,0.17157871631259375,False
287,947.4481199569176,103.2858612535145,287,0,live_only,88,73.10307745658919,0.0,S6,121,319.0,2.6363636363636362,13,0.38295203857747073,0.21754197985865256,0.9834710743801653,8283,0.00012071463061323032,6.884318062796533,0.0005396503631509923,0.0005432649604428745,True
288,957.3236450373564,881.5841493738698,288,0,live_only,134,129.83742883973062,0.0,S6,174,541.0,3.1091954022988504,27,0.18536737337465362,0.13791826181559758,0.5862068965517241,9814,0.00010188487009679063,16.77315347191508,0.0005396503631509923,0.0005432649604428745,True
289,969.6395244764572,874.2571193018837,289,0,live_only,64,12.254137625608646,0.0,S6,94,68.0,0.723404255319149,4,0.16077677823818623,0.17605025676955707,0.7234042553191488,9910,0.019170618504691758,4.499432463110103,0.05084722331408018,0.04991953135380131,False
290,977.7505217897198,70.22629770840393,290,0,live_only,99,199.43744562452375,0.0,S6,132,372.0,2.8181818181818183,20,0.3664069321285816,0.20868117032376166,0.9015151515151515,7566,0.0001321527686005022,7.691398745678878,0.0005424118382115549,0.0005432649604428745,True
291,974.5880279507744,97.7017095898488,291,321,double_positive,35,35.32527634196802,53.69194840219131,S6,56,67.0,1.1964285714285714,3,0.3558724449012219,0.31898219586018023,1.2142857142857142,8757,0.02911623658369491,3.3619590068589305,0.07375734150205526,0.07156607683655851,False
292,987.398174113721,608.669794644467,292,0,live_only,86,29.578073059243543,0.0,S6,121,220.0,1.8181818181818181,12,0.21020775412271014,0.18254435919092885,0.7024793388429752,8680,0.00011519410206197443,8.649451709190721,0.0005396503631509923,0.0005432649604428745,True
293,4.534666466760496,43.530562958665534,0,1,dead_only,22,0.0,7.390589156403708,S6,40,34.0,0.85,2,0.3278946848448923,0.3878767689851814,1.6999999999999993,5061,0.1710786250493876,2.592295756187951,0.3287244099097122,0.31910410204247475,False
294,10.732912461390487,767.5333368925333,0,2,dead_only,18,0.0,7.4175134980642845,S6,34,34.0,1.0,2,0.22401921537229783,0.3341297889118382,1.4999999999999993,6245,0.06692283061159142,4.463902787705504,0.15043138874044032,0.1460639373514402,False
295,14.205148052638144,634.7474324856872,0,3,dead_only,31,0.0,9.581404547755014,S6,51,17.0,0.3333333333333333,1,0.24649211630261825,0.2810512244638304,1.0,6913,0.5313855944460515,1.3523082942097027,0.7548818357026602,0.755429250482765,False
296,17.394358185989113,834.1272488375488,0,4,dead_only,28,0.0,20.918181753714503,S6,48,17.0,0.3541666666666667,1,0.1994252667336491,0.25510062560294616,1.0624999999999998,6967,0.4443168771526981,1.7759367830741781,0.6779752819612346,0.68536855537337,False
297,29.01118171219783,260.52867502239263,0,5,dead_only,16,0.0,6.514822729572426,S6,32,68.0,2.125,4,0.32475904507710557,0.42341673596235385,1.59375,8430,0.002609417625429961,6.543312748981246,0.008116102302596306,0.008026629654831342,True
298,44.09264737710448,279.20609677382225,0,7,dead_only,30,0.0,28.441681994863117,S6,49,0.0,0.0,0,0.32565728059876115,0.33735134723114035,1.3877551020408156,9838,1.0,0.0,1.0,1.0,False
299,51.34240395540688,70.38723633882509,0,9,dead_only,15,0.0,4.804884719756344,S6,30,0.0,0.0,0,0.3222784810126582,0.4164895809759732,1.6999999999999997,10665,1.0,0.0,1.0,1.0,False
300,57.98811787832133,157.44198491856335,0,10,dead_only,34,0.0,13.938950131860414,S6,55,34.0,0.6181818181818182,2,0.2932777506453638,0.3045274449576836,1.2363636363636359,10424,0.24565947242206235,2.1078374231304493,0.4413024040601314,0.4350736784309926,False
301,59.21741213583356,992.6044343955176,0,11,dead_only,34,0.0,12.07584142375502,S6,54,0.0,0.0,0,0.15850896937453107,0.2288121422897724,0.9444444444444444,8145,1.0,0.0,1.0,1.0,False
302,71.7115284686197,1020.0766714312956,0,13,dead_only,12,0.0,4.094613618721149,S6,25,0.0,0.0,0,0.1827917783735478,0.3511474607974424,1.36,5595,1.0,0.0,1.0,1.0,False
303,75.44874240674436,813.5167622652145,0,14,dead_only,27,0.0,8.17715909486644,S6,46,34.0,0.7391304347826086,2,0.2422067072690412,0.27961095818867465,1.1086956521739129,10487,0.12547673531655226,3.051651389495125,0.25588573224145955,0.2509534706331045,False
304,94.72589072253784,133.39529545030027,0,18,dead_only,17,0.0,4.85395231121646,S6,33,0.0,0.0,0,0.26576079015809007,0.36149102688158274,1.5454545454545445,10370,1.0,0.0,1.0,1.0,False
305,95.19068938647362,726.8332476008515,0,19,dead_only,21,0.0,6.61238368448869,S6,38,17.0,0.4473684210526316,1,0.2359915996987065,0.35852438076166676,1.3421052631578945,10551,0.40362016679302504,1.8956963791244796,0.6353098984594095,0.6393025748083453,False
306,95.43330497360728,889.1688859212213,0,20,dead_only,21,0.0,5.0294228889088926,S6,39,0.0,0.0,0,0.19651937100772668,0.30450870896693355,1.307692307692307,11336,1.0,0.0,1.0,1.0,False
307,97.4021602392062,855.866663471283,0,21,dead_only,28,0.0,13.813564258246414,S6,47,34.0,0.723404255319149,2,0.21465581192229283,0.2812215318872168,1.0851063829787233,11157,0.11238573221007349,3.3700660086530863,0.23434774063740405,0.22912750055232037,False
308,100.1462613271278,19.947980004954896,0,22,dead_only,35,0.0,23.725953291624243,S6,56,0.0,0.0,0,0.316449471354807,0.28630081111445643,0.9107142857142866,6391,1.0,0.0,1.0,1.0,False
309,98.65378963709364,561.9455129698277,0,23,dead_only,13,0.0,4.053333068484229,S6,27,0.0,0.0,0,0.2613605652877605,0.39058663128098337,1.2592592592592593,12197,1.0,0.0,1.0,1.0,False
310,107.41275482299038,114.25045484429567,0,24,dead_only,14,0.0,6.071573655836374,S6,28,17.0,0.6071428571428571,1,0.27356756170033786,0.4048409122090571,1.7857142857142847,10529,0.3637226970560304,2.219352518877633,0.5948907163703296,0.594155710097739,False
311,109.09683699841864,134.8116021205344,0,25,dead_only,23,0.0,8.545323603697534,S6,41,34.0,0.8292682926829268,2,0.2796104311913171,0.3345427256903561,1.2439024390243902,9827,0.13644688644688643,2.965798840728938,0.27101318793508683,0.26289766399656506,False
312,110.33764666932508,314.74666045152327,0,26,dead_only,39,0.0,10.040391820133571,S6,60,51.0,0.85,3,0.32983789260385005,0.31302853661693425,1.1333333333333333,10857,0.11678025419045865,2.577023498694517,0.24201204685488642,0.23625543732377405,False
313,113.37494648752455,196.8982064225395,0,27,dead_only,33,0.0,12.92212968659799,S6,52,34.0,0.6538461538461539,2,0.33488584757978274,0.35003114922654277,1.3076923076923077,9926,0.27651858567543064,1.9524448661282483,0.48269798872279074,0.47223628592622247,False
314,115.3271966026764,21.57325392995243,0,28,dead_only,45,0.0,14.391076429564672,S6,69,17.0,0.2463768115942029,1,0.33541907531327003,0.265889707683223,0.9855072463768116,6205,0.763938124395746,0.7345342877834105,0.9545546698856286,0.9258789249588996,False
315,116.25396911437578,383.60323727441454,0,30,dead_only,27,0.0,17.135178464286664,S6,45,0.0,0.0,0,0.3160037246209591,0.3450014714948213,1.4888888888888885,10978,1.0,0.0,1.0,1.0,False
316,120.31091293919096,864.0702503386667,0,31,dead_only,28,0.0,38.95117664750181,S6,48,0.0,0.0,0,0.22291742300478004,0.27526028846958933,1.0625,11018,1.0,0.0,1.0,1.0,False
317,125.80235076882724,248.3386198400104,0,32,dead_only,24,0.0,5.485106356524274,S6,43,34.0,0.7906976744186046,2,0.3740416704248219,0.3756709405266388,1.5813953488372083,11087,0.24873737373737373,2.1139293745548753,0.4455972012947151,0.437578122360731,False
318,144.893470568409,100.2275482392873,0,35,dead_only,42,0.0,18.02782048236816,S6,67,51.0,0.7611940298507462,3,0.29487639824285594,0.27430305908070574,1.0149253731343284,9228,0.10867916350633872,2.58140032361572,0.22740232153947154,0.22243284048379053,False
319,142.82025957655136,937.2278145537068,0,36,dead_only,20,0.0,5.87051834830535,S6,37,0.0,0.0,0,0.21934941539088573,0.32450454599945644,1.378378378378378,11671,1.0,0.0,1.0,1.0,False
320,145.76634808227027,10.560270893292593,0,37,dead_only,31,0.0,12.25849868720447,S6,52,17.0,0.3269230769230769,1,0.35968924486366344,0.32054578398715283,1.3076923076923075,5676,0.6848687687158711,0.9089042321712839,0.8772422228432337,0.8599369835324892,False
321,145.8149565047396,972.5511224384128,0,39,dead_only,28,0.0,22.40979387627726,S6,46,34.0,0.7391304347826086,2,0.19310422733206145,0.27001069543431266,1.108695652173913,10392,0.09766188780910227,3.827624309392265,0.20697298772615302,0.20145158034348154,False
322,161.08340444502153,907.316590628559,0,40,dead_only,16,0.0,6.208895970761676,S6,30,0.0,0.0,0,0.22066974260758537,0.36144987457604566,1.1333333333333333,11487,1.0,0.0,1.0,1.0,False
323,168.57899157287588,111.43054381963267,0,41,dead_only,22,0.0,7.21961535985357,S6,38,34.0,0.8947368421052632,2,0.3214980082207124,0.37705528288666157,1.3421052631578947,9962,0.15176151761517614,2.783024526519042,0.2968848994673959,0.28922666038254585,False
324,169.01729986650844,686.9615039101857,0,42,dead_only,20,0.0,6.68391041541647,S6,37,17.0,0.4594594594594595,1,0.25902603063893387,0.3833867100262525,1.3783783783783783,10850,0.4140632199797254,1.7737964726020812,0.6478166421154449,0.6520875859560945,False
325,190.1258928726473,658.1410309573944,0,45,dead_only,22,0.0,7.079645282648549,S6,39,0.0,0.0,0,0.2518206481352082,0.3380438680368053,1.3076923076923077,11559,1.0,0.0,1.0,1.0,False
326,197.19600874108949,391.1074400250811,0,46,dead_only,37,0.0,16.614278417868515,S6,61,68.0,1.1147540983606556,4,0.3476587704268473,0.3483714483376218,1.3934426229508194,11357,0.053794682162352524,3.2064604525638365,0.1250388938433176,0.12196552938533373,False
327,202.3278115341842,203.2041748759268,0,49,dead_only,17,0.0,4.475490242811241,S6,33,17.0,0.5151515151515151,1,0.4129947615581153,0.4628234035434376,2.060606060606059,10615,0.5505840241145441,1.2473560517038778,0.7711743836679954,0.7702319060751335,False
328,202.33192002982523,318.0286870457135,0,50,dead_only,27,0.0,20.919304378747693,S6,46,17.0,0.3695652173913043,1,0.3848170043077285,0.37958008642158997,1.4782608695652169,11819,0.6413705583756345,0.9603661305355734,0.8411098222580363,0.8393064836460904,False
329,206.13701841551443,1000.9564868773476,0,51,dead_only,33,0.0,16.2838282825246,S6,53,17.0,0.32075471698113206,1,0.19329673290503746,0.2503302047931563,0.9622641509433962,7633,0.4510086455331412,1.6593902657356965,0.6857657834190903,0.6916342494181699,False
330,223.02542738587883,828.1529385242414,0,56,dead_only,28,0.0,25.46643724819298,S6,48,0.0,0.0,0,0.2150307519441734,0.28754655645668153,1.0625,11273,1.0,0.0,1.0,1.0,False
331,231.428346614751,103.7589755166803,0,57,dead_only,24,0.0,4.314160583369492,S6,45,17.0,0.37777777777777777,1,0.334669163545568,0.3701025577284745,1.5111111111111104,8900,0.6027412650264016,1.1288096392733242,0.8084337339599202,0.8087803709282838,False
332,237.0172017314027,900.9971200293264,0,58,dead_only,37,0.0,28.01686249809084,S6,54,17.0,0.3148148148148148,1,0.21789902321290924,0.2651362860501881,0.9444444444444444,11724,0.4962046908315565,1.444773868982465,0.7270186534265266,0.7241639840230047,False
333,239.0918096659825,907.8324365595194,0,59,dead_only,42,0.0,10.711154737459204,S6,62,51.0,0.8225806451612904,3,0.21550610452544383,0.2500475149889448,1.0967741935483868,11636,0.0482942339090831,3.816971435554727,0.114931415376295,0.11290118682745649,False
334,238.35930956071968,478.3297875278303,0,60,dead_only,28,0.0,5.339134421761734,S6,47,17.0,0.3617021276595745,1,0.3723503493172436,0.374849121825686,1.446808510638298,10720,0.6421975561981158,0.9714026811652141,0.8413436670595517,0.8393064836460904,False
335,277.49722308564816,490.58944315875897,0,66,dead_only,30,0.0,7.306552802396119,S6,50,0.0,0.0,0,0.35676397634039303,0.3549000880805131,1.36,10482,1.0,0.0,1.0,1.0,False
336,282.5565415676846,865.4454540145382,0,67,dead_only,29,0.0,4.4325331007420425,S6,54,17.0,0.3148148148148148,1,0.23277505446623095,0.2844163654153638,1.2592592592592584,11152,0.507576436833139,1.3524422345715121,0.7355604900252305,0.7354964346397552,False
337,283.1441036081265,628.1401702180281,0,68,dead_only,32,0.0,27.642893504090537,S6,53,51.0,0.9622641509433962,3,0.29409015691394264,0.2975175609406701,1.2830188679245276,11345,0.05755332275691874,3.2720039359391966,0.13188455762495338,0.12827562614465787,False
338,287.4515588903017,66.77045002745771,0,69,dead_only,29,0.0,7.268666519467318,S6,48,17.0,0.3541666666666667,1,0.3932993445010926,0.39706168901505395,1.4166666666666672,9611,0.686641697877653,0.9005015432098763,0.8774130858594246,0.8599369835324892,False
339,296.0397680526364,958.4441037222,0,71,dead_only,20,0.0,7.046628181326602,S6,38,0.0,0.0,0,0.18203550072725314,0.2826985593106601,0.8947368421052632,11724,1.0,0.0,1.0,1.0,False
340,300.9539372704856,707.0026858226388,0,73,dead_only,18,0.0,4.22467799350117,S6,34,17.0,0.5,1,0.28360742146320894,0.3780011589874744,1.4999999999999996,11160,0.4276498521637846,1.7630004088763336,0.6596004094767814,0.6674890867600911,False
341,306.19295012590254,920.5500797959172,0,74,dead_only,26,0.0,12.279858360546696,S6,45,0.0,0.0,0,0.21000362308196976,0.2820341827935669,1.133333333333333,11347,1.0,0.0,1.0,1.0,False
342,309.53333742862867,611.9120515922244,0,75,dead_only,38,0.0,19.214014291909105,S6,59,0.0,0.0,0,0.32750372332733524,0.30559964014717633,1.152542372881356,11369,1.0,0.0,1.0,1.0,False
343,312.4969715003954,290.6802318688811,0,77,dead_only,25,0.0,22.444838067197345,S6,43,17.0,0.3953488372093023,1,0.43035659734822623,0.41261325828972023,1.581395348837209,11343,0.6672249647390691,0.9186540642001657,0.8593751531942131,0.8476220300392503,False
344,317.7404658120069,197.4418906832684,0,78,dead_only,30,0.0,15.714380214737636,S6,49,17.0,0.3469387755102041,1,0.4251983890975208,0.3750206963484295,1.3877551020408165,9608,0.7216151524612343,0.8159456489159757,0.90779326163164,0.8827199306851378,False
345,323.3734352298732,18.34673615256918,0,79,dead_only,31,0.0,7.277632887201526,S6,47,51.0,1.0851063829787233,3,0.4195114749257698,0.3700045013543815,1.4468085106382975,6485,0.09728646315140302,2.5865952371641963,0.2068533487006061,0.20145158034348154,False
346,336.01713819316143,302.76819072555406,0,81,dead_only,13,0.0,5.021348021254822,S6,26,17.0,0.6538461538461539,1,0.4332238814294279,0.5397186600212668,1.9615384615384615,11034,0.48210240144993205,1.5092569497525847,0.7134997443170088,0.7163442462222154,False
347,348.2634871179611,575.5668450641381,0,83,dead_only,28,0.0,5.070391088180001,S6,47,0.0,0.0,0,0.332719883587211,0.3558817841098207,1.446808510638298,11434,1.0,0.0,1.0,1.0,False
348,354.4206385967024,328.0300120965539,0,86,dead_only,25,0.0,7.018865282532847,S6,43,34.0,0.7906976744186046,2,0.4137311985583179,0.4189925531449541,1.5813953488372097,10169,0.271976401179941,1.9111386261753016,0.4754088845422958,0.46599214013240703,False
349,356.1100192007688,514.4214767171437,0,87,dead_only,46,0.0,22.211817912809494,S6,70,0.0,0.0,0,0.36801290507974244,0.3533184238702073,1.457142857142857,10937,1.0,0.0,1.0,1.0,False
350,357.94861205377657,806.3224067837605,0,89,dead_only,25,0.0,13.850321027730422,S6,43,0.0,0.0,0,0.25592922674249086,0.33878194918069143,1.186046511627907,10289,1.0,0.0,1.0,1.0,False
351,359.7989243785025,822.3652850258771,0,90,dead_only,27,0.0,19.37859366707169,S6,46,51.0,1.108695652173913,3,0.27957435046987283,0.33588015102075813,1.1086956521739133,10854,0.051128512206356516,3.965655827548411,0.11991623929772949,0.11743929004604162,False
352,365.00466427585457,387.9651654551218,0,92,dead_only,32,0.0,6.528245626513876,S6,52,68.0,1.3076923076923077,4,0.36949112978524745,0.3716705914632934,1.3076923076923077,10710,0.0343572028755485,3.539171044382997,0.08619205440925803,0.08366615144693755,False
353,364.2656878776289,422.947808734636,0,93,dead_only,20,0.0,5.344710164496817,S6,38,17.0,0.4473684210526316,1,0.3501770363704605,0.41972342274262336,1.3421052631578947,11639,0.5417525773195876,1.2775492810423754,0.7645844317557183,0.7639728034051021,False
354,373.1986560112113,78.12245935597454,0,96,dead_only,52,0.0,15.039939288385725,S6,78,51.0,0.6538461538461539,3,0.5023641579174717,0.3515362037328384,1.5256410256410255,9913,0.3876336493847085,1.3015382238984645,0.6222287664009492,0.627370152542636,False
355,379.6145997176165,305.96111410923044,0,97,dead_only,36,0.0,19.748976388932263,S6,56,34.0,0.6071428571428571,2,0.4309799950908198,0.3909909965031034,1.5937500000000002,10476,0.3980146988641787,1.4087495105542305,0.6313274975743478,0.6382796695199939,False
356,389.1512070103407,318.6383601741814,0,100,dead_only,19,0.0,4.755788485372173,S6,35,34.0,0.9714285714285714,2,0.3781421783285195,0.4407130708584098,1.9428571428571417,10733,0.17840506800819825,2.568950588169038,0.3392835384261483,0.32811561458850447,False
357,389.57023204124806,880.8463008026964,0,101,dead_only,13,0.0,4.959220880373008,S6,27,0.0,0.0,0,0.2801943741375138,0.4227360305489097,1.8888888888888877,11326,1.0,0.0,1.0,1.0,False
358,393.7320276388105,119.88336460866851,0,103,dead_only,25,0.0,6.1203647068250975,S6,42,34.0,0.8095238095238095,2,0.4855376905224311,0.4924660604745393,2.4047619047619038,10813,0.3037728869983355,1.6672728509557606,0.520466888291732,0.5121299312856553,False
359,394.48909402373977,68.96997911464769,0,104,dead_only,28,0.0,5.437571758538903,S6,48,17.0,0.3541666666666667,1,0.5129382916280506,0.4720340411969001,2.124999999999999,10790,0.7453433416736169,0.6904664214920521,0.9340196271987258,0.9075245317600058,False
360,397.8436603049015,901.0004235832027,0,105,dead_only,31,0.0,18.939952024778663,S6,51,0.0,0.0,0,0.2642959929351249,0.2922787028749759,1.0,11146,1.0,0.0,1.0,1.0,False
361,402.51529495388087,1013.0166201368976,0,108,dead_only,22,0.0,7.492689161347274,S6,38,0.0,0.0,0,0.24505387309892254,0.3092413252569495,1.31578947368421,5935,1.0,0.0,1.0,1.0,False
362,403.9766181675552,84.56658713064078,0,109,dead_only,27,0.0,9.365696449130963,S6,45,17.0,0.37777777777777777,1,0.47498509058753363,0.4807557059647113,2.2444444444444445,10806,0.692329045988711,0.7953466019543579,0.880343894752312,0.8609103503311158,False
363,409.43417879593886,771.4797643709732,0,110,dead_only,24,0.0,10.458762246912324,S6,40,51.0,1.275,3,0.3387587006960557,0.5281254719031602,2.1249999999999996,10775,0.0514105419450631,3.763740967775076,0.12036005939123978,0.11757367418740518,False
364,410.0983820139148,241.9215716871648,0,111,dead_only,37,0.0,6.676176969221791,S6,61,0.0,0.0,0,0.4398712282286931,0.3554208081116804,1.3934426229508197,10378,1.0,0.0,1.0,1.0,False
365,414.8271537470157,348.70884786044,0,112,dead_only,32,0.0,7.489755940084159,S6,53,17.0,0.32075471698113206,1,0.39049278104324453,0.37284935197957675,1.6037735849056598,9813,0.6897289586305279,0.821410106799415,0.880343894752312,0.8609103503311158,False
366,420.1422843306056,607.127997983895,0,113,dead_only,18,0.0,6.918403253053167,S6,34,34.0,1.0,2,0.34368186948835433,0.4271269186158904,1.5,11413,0.1551603294200105,2.9096675989592318,0.30171356410457817,0.2935767383990127,False
367,422.0096826465153,368.9352131368583,0,115,dead_only,21,0.0,10.1485839437781,S6,37,17.0,0.4594594594594595,1,0.37428029197861823,0.4503865521034259,1.837837837837838,10097,0.5366409189938601,1.2275812253713518,0.7598507335535334,0.7587987187923936,False
368,424.0072778892077,949.1896915047238,0,116,dead_only,22,0.0,11.377726618166976,S6,39,17.0,0.4358974358974359,1,0.2566685345712237,0.31957301265682264,1.3076923076923073,11119,0.4616007194244604,1.6982893389157427,0.6961582942947967,0.6980861297287194,False
369,425.8474440206424,548.3962706171027,0,117,dead_only,22,0.0,8.47826068671817,S6,39,34.0,0.8717948717948718,2,0.3159906591420867,0.3770575513283461,1.3076923076923077,11068,0.16008672870177976,2.7589260839601755,0.309437387669461,0.3007343546326291,False
370,428.8094733143223,616.9550949773037,0,119,dead_only,18,0.0,7.175861756192063,S6,34,34.0,1.0,2,0.3427824316193826,0.46432147812397057,1.5,11439,0.15375874125874125,2.917302369540269,0.29943706818706817,0.2919750826790538,False
371,435.84385603408697,1002.4836203839023,0,121,dead_only,13,0.0,4.300224013176903,S6,26,0.0,0.0,0,0.25340511978443014,0.40500774364328784,1.3076923076923077,7308,1.0,0.0,1.0,1.0,False
372,439.0938251959608,320.5183430669635,0,122,dead_only,18,0.0,5.570821757770149,S6,34,0.0,0.0,0,0.41571841851494695,0.496378814664763,1.9999999999999996,10370,1.0,0.0,1.0,1.0,False
373,439.8066115220368,991.8243986609544,0,123,dead_only,20,0.0,5.607899840078395,S6,37,0.0,0.0,0,0.2526478638581459,0.3391115849055701,1.3783783783783783,8403,1.0,0.0,1.0,1.0,False
374,450.7237920797916,191.42283442850683,0,125,dead_only,26,0.0,21.26231029580865,S6,41,0.0,0.0,0,0.4110094949337527,0.41984853955010515,1.6585365853658536,10329,1.0,0.0,1.0,1.0,False
375,442.202200895945,353.69605717581686,0,126,dead_only,22,0.0,6.455902053612759,S6,40,17.0,0.425,1,0.3844882312725852,0.45433148137987667,2.0249999999999995,10239,0.55908203125,1.1053654323653244,0.7772015494976846,0.7747163211529045,False
376,445.1274660312236,625.3834536772866,0,127,dead_only,19,0.0,9.291907790797362,S6,35,17.0,0.4857142857142857,1,0.3220198675496689,0.4150658880372243,1.457142857142857,10872,0.46785615745424447,1.5083363936834373,0.6983748397511838,0.7012082430004537,False
377,452.9158239432364,492.6385894044043,0,130,dead_only,29,0.0,11.2939803062304,S6,49,34.0,0.6938775510204082,2,0.3337837358024594,0.33698388232061927,1.3877551020408156,10346,0.24722141683579782,2.0788237310372133,0.44349402162659723,0.43637068877728075,False
378,457.393274774021,346.25252224752074,0,131,dead_only,23,0.0,13.326913142595412,S6,41,0.0,0.0,0,0.39625728089259743,0.4549646002260284,1.975609756097561,10213,1.0,0.0,1.0,1.0,False
379,459.4388241681893,32.75252872729908,0,132,dead_only,25,0.0,4.18952581519151,S6,41,17.0,0.4146341463414634,1,0.45247189228397855,0.4463667865482309,1.658536585365854,8608,0.660471599488907,0.9163754774876324,0.8549218208953216,0.8457676203694046,False
380,460.50351185519617,442.55633453679394,0,133,dead_only,19,0.0,9.542199214313795,S6,31,17.0,0.5483870967741935,1,0.33513536407172223,0.4497315251324439,1.6451612903225807,10663,0.4442048012003001,1.6363152193536739,0.6779752819612346,0.68536855537337,False
381,464.9607824518399,6.864643663759731,0,134,dead_only,36,0.0,15.42772300178922,S6,57,390.0,6.842105263157895,21,0.44575504655919307,0.3835404276262558,1.4912280701754386,5524,0.00018099547511312217,15.349473474215198,0.0006511050713906339,0.0006397610261474953,True
382,461.1806620764717,11.940849892603309,0,135,dead_only,19,0.0,7.25915607144271,S6,36,51.0,1.4166666666666667,3,0.44696564749483286,0.4755713049275583,1.8888888888888884,6236,0.06878306878306878,3.1695202407765444,0.15381317277869,0.1495036949582404,False
383,469.53953328610027,24.7906679699152,0,137,dead_only,41,0.0,52.58121967751926,S6,64,85.0,1.328125,5,0.44688106627842483,0.3633463017514801,1.59375,7212,0.02855954526549286,2.971987627626463,0.07277353675706137,0.07086000381910021,False
384,476.18055202643865,231.45453360417727,0,139,dead_only,39,0.0,16.71100099680708,S6,60,34.0,0.5666666666666667,2,0.3920367610531545,0.33398358703211334,1.4166666666666667,10065,0.39767534273792965,1.4454426802843494,0.6313274975743478,0.6382796695199939,False
385,480.9928998022616,700.1874002496182,0,140,dead_only,14,0.0,4.755008541717414,S6,28,0.0,0.0,0,0.2942481994301178,0.5436756091595232,1.8214285714285705,9977,1.0,0.0,1.0,1.0,False
386,483.0359374614711,365.1250794422373,0,141,dead_only,33,0.0,19.897102374036933,S6,53,0.0,0.0,0,0.3691384950926936,0.37954026479973635,1.60377358490566,9170,1.0,0.0,1.0,1.0,False
387,483.5747939270307,866.0481738407501,0,142,dead_only,27,0.0,19.410462094599094,S6,46,0.0,0.0,0,0.2884651126005892,0.32281794347835996,1.108695652173913,10995,1.0,0.0,1.0,1.0,False
388,485.2221703566123,470.86948125250376,0,143,dead_only,23,0.0,7.175271868098598,S6,41,17.0,0.4146341463414634,1,0.3343982306321804,0.3749891003435648,1.2439024390243905,9925,0.5533951239169856,1.239941208892155,0.7726086929174708,0.7712201410655019,False
389,490.0316381331618,509.12655807335375,0,145,dead_only,31,0.0,8.518908268486973,S6,50,0.0,0.0,0,0.2854191616766467,0.31497675196586455,1.0200000000000002,10020,1.0,0.0,1.0,1.0,False
390,490.02691361853687,742.0459147729736,0,146,dead_only,27,0.0,24.81611801950451,S6,45,0.0,0.0,0,0.3192626058722377,0.5029465767793142,2.2666666666666666,10403,1.0,0.0,1.0,1.0,False
391,492.9439312527864,255.86861150491677,0,147,dead_only,38,0.0,56.42793406612276,S6,52,68.0,1.3076923076923077,4,0.38640744258028203,0.36113881812192056,1.307692307692308,10935,0.03218727139722019,3.3842316777338333,0.08137795516996996,0.07874653374389684,False
392,492.8995263161624,691.0261463496695,0,148,dead_only,22,0.0,7.748228955348687,S6,39,17.0,0.4358974358974359,1,0.27067654217852993,0.3405287018009151,1.3076923076923077,10313,0.46315687415163853,1.6103997501561527,0.6969175515427338,0.6980861297287194,False
393,497.904446588293,188.167669323918,0,149,dead_only,32,0.0,7.613546845036526,S6,53,34.0,0.6415094339622641,2,0.38704997352252035,0.35044716323604774,1.5849056603773577,10404,0.3296492071119654,1.657433090936352,0.5559883246088675,0.5487198827243475,False
394,500.31693912268975,343.9918440158203,0,150,dead_only,36,0.0,22.47009030735909,S6,57,17.0,0.2982456140350877,1,0.38655931409632915,0.3543094772973747,1.4912280701754383,8766,0.7106193680848637,0.7715390708727458,0.8974423762473888,0.8753765517860382,False
395,503.386361947988,149.25579092353945,0,152,dead_only,42,0.0,27.037012551186507,S6,65,34.0,0.5230769230769231,2,0.3879667871278609,0.31279975213890965,1.3076923076923073,10728,0.4308882468077174,1.3482518102884264,0.6637316580874222,0.6705538988782822,False
396,519.1204158972864,291.82114639718503,0,153,dead_only,34,0.0,30.698917069354778,S6,55,34.0,0.6181818181818182,2,0.3946923291103996,0.36718990992198675,1.5454545454545452,10448,0.35304813857785433,1.5662372247647767,0.5840605047646391,0.580322877787348,False
397,520.5974059459202,53.127649016528096,0,155,dead_only,21,0.0,8.174733835123186,S6,37,68.0,1.837837837837838,4,0.47300695279418686,0.6519410646464011,2.297297297297297,10340,0.02291847983753989,3.8854351442007484,0.059929976510663785,0.058520001915271756,False
398,521.1690723764664,548.9623305596929,0,156,dead_only,24,0.0,4.454283121420799,S6,42,17.0,0.40476190476190477,1,0.3491542958646873,0.3737974450674512,1.619047619047618,9758,0.5840762373193975,1.1592637110750825,0.792413054187509,0.7928648607483899,False
399,533.5166359171441,453.7653256746806,0,157,dead_only,28,0.0,13.308059190829422,S6,47,34.0,0.723404255319149,2,0.3008754909425427,0.3320135827627279,1.446808510638297,9529,0.19653725078698847,2.4043309511617728,0.3646764152656996,0.35525290004795856,False
400,541.3263729776837,473.35321973376085,0,158,dead_only,15,0.0,6.52227590751413,S6,29,0.0,0.0,0,0.301600413009809,0.42762975951754484,1.758620689655172,9685,1.0,0.0,1.0,1.0,False
401,543.8292204646054,835.5579973996157,0,159,dead_only,17,0.0,6.29904932048044,S6,32,0.0,0.0,0,0.2608695652173913,0.37766089538625436,1.5937499999999991,11339,1.0,0.0,1.0,1.0,False
402,549.1137270241303,330.790257732306,0,161,dead_only,24,0.0,5.718313195096217,S6,44,17.0,0.38636363636363635,1,0.3802407965915075,0.3844870029768231,1.5454545454545452,9495,0.6274220724515586,1.0161025324663062,0.8303739060915015,0.8333939649230298,False
403,550.7550423772792,533.1681376610726,0,162,dead_only,40,0.0,8.61424266141261,S6,63,34.0,0.5396825396825397,2,0.3317296984275469,0.2917352386117233,1.0793650793650795,8552,0.33988074359873727,1.6268743565641643,0.5680738717107761,0.562192676518666,False
404,553.6196886548748,470.615286067401,0,163,dead_only,25,0.0,4.210069832818872,S6,46,17.0,0.3695652173913043,1,0.3125910712055399,0.3378756893021038,1.4782608695652164,9399,0.5719148936170213,1.1822641509433962,0.7836585884550089,0.783390225662499,False
405,561.2397691418206,543.9681198018898,0,168,dead_only,26,0.0,4.000113213669967,S6,45,17.0,0.37777777777777777,1,0.33277111998816394,0.3590496992852366,1.5111111111111108,9012,0.5733939864639964,1.135248088209141,0.7836585884550089,0.783390225662499,False
406,561.8225068694787,298.7813602425808,0,169,dead_only,26,0.0,5.711742082028053,S6,46,51.0,1.108695652173913,3,0.3731360666170311,0.3666883418378202,1.478260869565217,10453,0.0716472163765066,2.971290505969301,0.15912061582248127,0.15445260579525605,False
407,568.1680298866096,618.0567777207741,0,171,dead_only,34,0.0,40.43160552601107,S6,55,17.0,0.3090909090909091,1,0.33160985403729465,0.3157773305716087,1.2363636363636363,10233,0.6687512214188001,0.9320920513301364,0.8604864426390711,0.8476220300392503,False
408,568.6870961234387,983.6860110808344,0,172,dead_only,24,0.0,9.160641201898574,S6,42,17.0,0.40476190476190477,1,0.22859370839514628,0.3152756415569905,1.2142857142857142,8763,0.41773162939297126,1.770660739543342,0.6519830605567795,0.6559010061513518,False
409,569.5062561014441,748.3421823859161,0,173,dead_only,18,0.0,4.1014178536947385,S6,34,0.0,0.0,0,0.25536284801460524,0.3504571250808211,1.4999999999999993,10955,1.0,0.0,1.0,1.0,False
410,575.4091560802744,172.70661363183623,0,175,dead_only,18,0.0,4.415689436011365,S6,35,17.0,0.4857142857142857,1,0.3817111459968603,0.41234080772331916,1.457142857142857,11284,0.5596809924678777,1.2724655562410034,0.7772015494976846,0.7747163211529045,False
411,574.9149929177453,625.6066181420065,0,176,dead_only,17,0.0,4.382348872317003,S6,32,17.0,0.53125,1,0.32663345690454126,0.4210715558282644,1.59375,10790,0.4557501621721805,1.6264408583082106,0.6905466826370539,0.694853870442223,False
412,576.3522866124925,417.9560483972528,0,177,dead_only,25,0.0,29.66839956397697,S6,43,51.0,1.186046511627907,3,0.3433491461322612,0.3601845634354274,1.186046511627907,9937,0.055343127389816865,3.454345307068366,0.12795015369802581,0.12387440428529221,False
413,579.4225603784885,1008.219504249366,0,178,dead_only,18,0.0,4.805703979530951,S6,23,68.0,2.9565217391304346,4,0.23813311114477603,0.4008570774698082,1.478260869565217,6888,0.00014515894904920887,12.415416423686581,0.0005705186573237088,0.0005698030388051035,True
414,585.1859154461284,224.74165437602775,0,179,dead_only,35,0.0,16.892142127734182,S6,48,68.0,1.4166666666666667,4,0.34704998569111895,0.3383262474513474,1.4166666666666663,10483,0.013067531476535674,4.082024852545382,0.03621493231851874,0.03543052348792662,True
415,588.0951064393373,848.9519517392783,0,181,dead_only,22,0.0,12.648919685256176,S6,39,34.0,0.8717948717948718,2,0.26581055234549883,0.3345181134828924,1.3076923076923073,11489,0.12219321148825066,3.27976020553811,0.2503706086891961,0.246259115872873,False
416,593.8066086994991,87.82412623569918,0,183,dead_only,25,0.0,5.490774900867467,S6,44,17.0,0.38636363636363635,1,0.38063386155129275,0.3649001303928451,1.5454545454545447,10900,0.6464544537198422,1.0150532451027652,0.8435125014835366,0.8416708976649431,False
417,598.2452575959804,558.5301243916131,0,186,dead_only,30,0.0,7.656028139162733,S6,49,68.0,1.3877551020408163,4,0.3038560953274025,0.31767745444047757,1.3877551020408154,9293,0.011082418764794492,4.567145841012409,0.031384054886328505,0.03068080142253633,True
418,602.3168008577438,662.6395647504748,0,187,dead_only,13,0.0,4.457567939158172,S6,25,0.0,0.0,0,0.30306080449017775,0.4561023181084248,2.0399999999999987,10690,1.0,0.0,1.0,1.0,False
419,604.9393839705716,783.8842121575233,0,188,dead_only,34,0.0,6.753937017408592,S6,59,17.0,0.288135593220339,1,0.2688515602106119,0.2753539812254793,1.1525423728813555,10758,0.6131610744492982,1.0717274357441722,0.8179628853776394,0.8185855968536316,False
420,605.7776089593267,623.9118639384219,0,189,dead_only,33,0.0,19.12802233187954,S6,52,17.0,0.3269230769230769,1,0.3306050703876353,0.32233899420279316,1.3076923076923077,9934,0.6519375943633618,0.9888628645040403,0.8472575750393591,0.842553254631765,False
421,607.3128047746529,531.6730317425441,0,190,dead_only,26,0.0,28.45974259073016,S6,43,51.0,1.186046511627907,3,0.31864658617904706,0.35248801159666443,1.1860465116279075,8984,0.04674457429048414,3.7221378262670894,0.11185924880951648,0.11025850258652313,False
422,609.0342681061563,318.7006689247998,0,191,dead_only,41,0.0,35.90537623509956,S6,56,17.0,0.30357142857142855,1,0.3839178250691074,0.356831554393319,1.5178571428571426,10801,0.7072764302906869,0.7907198070753395,0.8949634439873375,0.8733037613448388,False
423,620.4755730267201,526.789074660141,0,192,dead_only,16,0.0,5.6486313785750975,S6,27,51.0,1.8888888888888888,3,0.31788465081997425,0.45223811993041135,1.8888888888888884,10050,0.01671475475077107,5.9420575482853755,0.04544871469968569,0.04462924364926691,True
424,623.8742980831018,482.53259137014106,0,193,dead_only,18,0.0,11.01693202533674,S6,33,17.0,0.5151515151515151,1,0.3417503101746866,0.4163696480274972,1.5454545454545454,9501,0.4869501157651021,1.507391507232851,0.7168834280900539,0.7174671173457807,False
425,634.5080682418921,76.39792982085896,0,194,dead_only,30,0.0,34.471429092163966,S6,50,0.0,0.0,0,0.3736160576428204,0.33829613210502607,1.36,9715,1.0,0.0,1.0,1.0,False
426,634.288530790998,252.89575672763556,0,195,dead_only,20,0.0,7.039295118387193,S6,37,34.0,0.918918918918919,2,0.38563264637431155,0.42621794000494606,1.837837837837837,11218,0.19413494963900527,2.3828867383467762,0.3617715943703877,0.35212063279350614,False
427,636.9179821196225,957.8974101969932,0,196,dead_only,33,0.0,22.402820324835915,S6,54,17.0,0.3148148148148148,1,0.25785382082357333,0.2920265046372043,1.2592592592592586,10910,0.5444047291723948,1.2209042076991943,0.7658620216840824,0.7644817602779386,False
428,638.876482275002,585.5108119002558,0,197,dead_only,28,0.0,23.404329460822428,S6,46,17.0,0.3695652173913043,1,0.3071210703632069,0.33422792043362626,1.4782608695652169,10363,0.5692782709378619,1.203320947515095,0.7836585884550089,0.783390225662499,False
429,649.0809747334448,442.8612826450494,0,199,dead_only,34,0.0,27.079892941728023,S6,47,51.0,1.0851063829787233,3,0.33739502587161535,0.33307508038503386,1.4255319148936167,10798,0.05472728956384851,3.216130350989896,0.1268806088062115,0.12314398160764704,False
430,645.7651602487475,424.2943936707628,0,200,dead_only,29,0.0,7.673285521227301,S6,49,0.0,0.0,0,0.3364306457754363,0.3383352841071816,1.3877551020408156,10773,1.0,0.0,1.0,1.0,False
431,648.5647885851229,729.5905386789412,0,201,dead_only,16,0.0,4.9229989590727685,S6,32,0.0,0.0,0,0.27831168983655835,0.3762510543028941,1.5937499999999993,10646,1.0,0.0,1.0,1.0,False
432,652.9298338672332,800.094062736566,0,202,dead_only,31,0.0,24.954801280054472,S6,52,17.0,0.3269230769230769,1,0.2827380751329114,0.2913507904601603,0.9807692307692307,11387,0.5968563400070249,1.1562753858651502,0.8038657040385373,0.8029320584237727,False
433,653.8355705180984,636.9361723766984,0,203,dead_only,13,0.0,5.212714278913272,S6,29,0.0,0.0,0,0.3065274134116937,0.4190037445709323,1.7586206896551715,10397,1.0,0.0,1.0,1.0,False
434,661.4700021406455,336.1391652000298,0,204,dead_only,34,0.0,47.31788260279275,S6,55,51.0,0.9272727272727272,3,0.35693993144746333,0.33502491618899605,1.2363636363636363,11219,0.10632798573975044,2.5978397079655657,0.22351279984514802,0.2184707831996435,False
435,661.0666920671748,152.44347773396015,0,205,dead_only,21,0.0,4.702009162767062,S6,37,17.0,0.4594594594594595,1,0.39393837858457353,0.40791025511624857,1.3783783783783785,10486,0.5928292171259655,1.1663231724471836,0.8001035323750023,0.7995594056621996,False
436,661.2047167113415,680.1683970138716,0,206,dead_only,31,0.0,15.700501540008975,S6,50,17.0,0.34,1,0.2960753474762253,0.31933830105068894,1.3599999999999997,10936,0.5863582335192465,1.1483563319208865,0.7930204680651333,0.7928648607483899,False
437,663.9983384772462,76.57659334408044,0,207,dead_only,38,0.0,45.77135675182048,S6,60,68.0,1.1333333333333333,4,0.36074469292768757,0.31089680362040056,1.1333333333333333,8809,0.03518728717366629,3.141649359095391,0.0881040761858015,0.08529268688179016,False
438,665.2671593253765,368.3094110523534,0,208,dead_only,29,0.0,9.905512024923445,S6,48,34.0,0.7083333333333334,2,0.3610235920852359,0.36683439383496036,1.4166666666666667,10950,0.2686512647246827,1.9620139759899662,0.4702303513467118,0.4617992328273958,False
439,666.6038567484646,981.0085974167594,0,209,dead_only,28,0.0,12.563941965806343,S6,47,17.0,0.3617021276595745,1,0.255160924033432,0.31080605931013294,1.0851063829787233,9144,0.49775833788955715,1.4175451395221594,0.7270186534265266,0.7241639840230047,False
440,668.0865535535369,747.2565859268115,0,210,dead_only,27,0.0,9.06566887743767,S6,46,0.0,0.0,0,0.2707666529344657,0.30701964198678616,1.108695652173913,10976,1.0,0.0,1.0,1.0,False
441,678.8004858872735,104.64295459341304,0,213,dead_only,20,0.0,13.928165844591192,S6,37,0.0,0.0,0,0.376938770355861,0.4052661464391777,1.3783783783783783,9631,1.0,0.0,1.0,1.0,False
442,683.687868142983,472.91546062224586,0,214,dead_only,22,0.0,4.510463589290846,S6,40,34.0,0.85,2,0.3184135166093929,0.3675097495365203,1.275,10476,0.16665075880500144,2.66948466588722,0.3211679556762063,0.3119512424606077,False
443,697.304344568351,499.0891824940828,0,218,dead_only,17,0.0,5.193170857717577,S6,32,34.0,1.0625,2,0.3262171907193407,0.4320137436362021,1.59375,11163,0.11438552490146901,3.25703252381361,0.2377532464698803,0.23230419342923822,False
444,698.2787427268794,43.039461356946745,0,219,dead_only,18,0.0,4.167127693494619,S6,34,17.0,0.5,1,0.33265864983926663,0.41171689793172284,1.5,8399,0.4782142857142857,1.5030422333571938,0.7093932182911775,0.712579927154998,False
445,698.8127613418419,1006.3296544648476,0,221,dead_only,33,0.0,14.872069002762125,S6,54,17.0,0.3148148148148148,1,0.24396638332938242,0.2765116198702465,0.9444444444444444,6562,0.5328355934785921,1.2904024338049023,0.7561135281638227,0.7554488468187047,False
446,702.709675796848,185.0574066005665,0,224,dead_only,31,0.0,20.334945839316088,S6,51,17.0,0.3333333333333333,1,0.38101306853987105,0.3565837362031272,1.3333333333333333,9739,0.6858316221765913,0.8748606303997463,0.8772422228432337,0.8599369835324892,False
447,701.4068709705283,614.0597385375446,0,225,dead_only,21,0.0,4.990961681055127,S6,38,17.0,0.4473684210526316,1,0.2868504210828709,0.34827785316439475,1.3421052631578947,10443,0.48429720413634625,1.5595878136200718,0.7154139792310262,0.7174671173457807,False
448,705.8272143125017,558.295406449096,0,226,dead_only,34,0.0,5.528168019511304,S6,55,68.0,1.2363636363636363,4,0.3534608138326906,0.33969086919535646,1.4727272727272727,10326,0.027984893967270264,3.4978803532910567,0.07159054728905234,0.0700954963180198,False
449,708.0475316399633,625.8956301990514,0,227,dead_only,27,0.0,6.494499928995304,S6,47,34.0,0.723404255319149,2,0.28103571591316595,0.3202319547194402,1.0851063829787233,10739,0.18445065176908754,2.5740651965484185,0.3477216502100386,0.3380524140436935,False
450,725.7222593193862,564.542286686832,0,229,dead_only,34,0.0,7.8355154993419935,S6,56,17.0,0.30357142857142855,1,0.329493859577145,0.3349101707763231,1.4464285714285714,10446,0.6481286493730257,0.9213265126124538,0.8448470937053412,0.841767085358547,False
451,725.8682930244549,25.46268012411702,0,230,dead_only,22,0.0,4.996627976960343,S6,39,17.0,0.4358974358974359,1,0.34975294480144636,0.3952207107855153,1.3076923076923086,6907,0.545020266357846,1.2463009743774809,0.7658627144811768,0.7644817602779386,False
452,730.1766595210361,877.5560111572838,0,231,dead_only,16,0.0,4.489160470187215,S6,31,0.0,0.0,0,0.2542813907138112,0.36997299227065944,1.6451612903225796,10488,1.0,0.0,1.0,1.0,False
453,734.0074591831701,614.8336132665172,0,233,dead_only,35,0.0,45.06723166699954,S6,56,34.0,0.6071428571428571,2,0.2852429260879965,0.2886730087856608,0.9107142857142864,10153,0.24463265708095333,2.1285115303983226,0.4400673456782198,0.43471884332628874,False
454,735.1265473925031,64.03083659089862,0,234,dead_only,19,0.0,4.057403184256536,S6,35,17.0,0.4857142857142857,1,0.3536795138087545,0.4109179659587351,1.457142857142857,9285,0.5180917510230455,1.3733175565744713,0.7443615496355835,0.74620120537973,False
455,738.8125132134234,973.0123684122334,0,236,dead_only,25,0.0,10.938612625708464,S6,42,17.0,0.40476190476190477,1,0.2171695857072519,0.30645152128712677,1.2142857142857142,10155,0.40340685309176844,1.8638056680161943,0.6353098984594095,0.6393025748083453,False
456,740.1783656030074,826.7026934569494,0,237,dead_only,35,0.0,5.414802961598866,S6,59,0.0,0.0,0,0.264000632443356,0.28038406620756445,1.152542372881356,10291,1.0,0.0,1.0,1.0,False
457,747.4082359939729,577.837092643163,0,238,dead_only,24,0.0,5.425551625390838,S6,42,17.0,0.40476190476190477,1,0.3024866247644721,0.3568404774324526,1.2380952380952377,10387,0.5200231035810551,1.3381150491433076,0.7460950944077749,0.74620120537973,False
458,748.8230816262575,329.24657888326027,0,239,dead_only,31,0.0,21.079869590710057,S6,48,17.0,0.3541666666666667,1,0.35749204965905274,0.3716765886595244,1.4166666666666667,10901,0.6348376444689048,0.9906980225278925,0.8370160794941284,0.8380022009650385,False
459,752.7211598301391,15.187811976735585,0,240,dead_only,35,0.0,10.766773105341782,S6,57,85.0,1.4912280701754386,5,0.3727096220421065,0.4671906094707413,2.36175438596491,5539,0.01768953068592058,4.001045269518071,0.04760025165900206,0.046292005675593155,True
460,753.5834105643269,135.41991023149524,0,242,dead_only,25,0.0,7.272947920944641,S6,42,17.0,0.40476190476190477,1,0.4007987448295535,0.3973804283371887,1.619047619047619,9348,0.6345063643170392,1.0098881545500764,0.8370160794941284,0.8380022009650385,False
461,764.4484787262612,393.7864960005626,0,244,dead_only,23,0.0,10.281701149192546,S6,41,17.0,0.4146341463414634,1,0.3705172103081636,0.40766082466644316,1.658536585365853,11098,0.5850076583475989,1.1190685204517417,0.7927427805720219,0.7928648607483899,False
462,770.0391034524326,369.0780675159436,0,245,dead_only,20,0.0,4.432482504812882,S6,38,51.0,1.3421052631578947,3,0.35522591857000996,0.3886912195865828,1.3421052631578947,10600,0.039901896047542684,3.7781738127686335,0.0976467154220054,0.09627705193122683,False
463,772.5975847662114,69.49607929057312,0,247,dead_only,31,0.0,24.00561389908497,S6,51,0.0,0.0,0,0.37571434709749496,0.3791225718068229,1.3333333333333333,9583,1.0,0.0,1.0,1.0,False
464,779.3691994104194,983.3571681077252,0,248,dead_only,25,0.0,11.220946603788216,S6,42,17.0,0.40476190476190477,1,0.247621492128679,0.34616914083481315,1.595238095238095,9740,0.448003285083667,1.6345992477565967,0.6827970161615935,0.6890342922631837,False
465,781.3050337770769,906.7334503170456,0,249,dead_only,18,0.0,4.354235411884919,S6,34,34.0,1.0,2,0.2608630313439244,0.36371662731987336,1.4999999999999993,10960,0.09615910957029468,3.833429347378817,0.2051288899879477,0.20071306203958333,False
466,785.1187641986327,37.12865397577953,0,250,dead_only,33,0.0,16.689378984435443,S6,54,17.0,0.3148148148148148,1,0.4056987726835989,0.4688996621209064,1.9694444444444343,8172,0.6835923161629757,0.7759816790482043,0.8769725361655583,0.8599369835324892,False
467,785.7222277480577,749.6108507045719,0,251,dead_only,14,0.0,5.580201307065646,S6,28,17.0,0.6071428571428571,1,0.2783865984358405,0.40889235330118556,1.7857142857142851,10357,0.36676964664993245,2.1809342136230194,0.5976133564132693,0.5972781242658343,False
468,789.9841723802556,247.70727650422717,0,252,dead_only,39,0.0,7.000111429071303,S6,63,34.0,0.5396825396825397,2,0.3816748434916403,0.33671289185212705,1.349206349206349,10502,0.4046462915357517,1.4139850946041197,0.6355136333475248,0.6393025748083453,False
469,788.402603489794,451.0072174889706,0,253,dead_only,16,0.0,6.678914271617858,S6,30,0.0,0.0,0,0.3506625891946993,0.47286045354419787,1.7,11772,1.0,0.0,1.0,1.0,False
470,807.8820477506993,235.3036996426073,0,256,dead_only,31,0.0,24.64491449931439,S6,52,34.0,0.6538461538461539,2,0.3785550536804594,0.3537554312734565,1.3076923076923077,10167,0.3253343823760818,1.7272154934644444,0.5508599137621124,0.5432567781899017,False
471,813.5316193117707,455.2007119030345,0,257,dead_only,34,0.0,18.53703835783861,S6,55,17.0,0.3090909090909091,1,0.34281191116053505,0.34801230206398753,1.5454545454545447,11772,0.6667799201562898,0.9016341002987064,0.8593751531942131,0.8476220300392503,False
472,814.284277378646,1010.7385798899934,0,258,dead_only,23,0.0,10.922309762628496,S6,40,0.0,0.0,0,0.22943798449612401,0.3263199367898061,1.275,6450,1.0,0.0,1.0,1.0,False
473,825.7452190603975,806.2261026154641,0,260,dead_only,25,0.0,10.425280476812604,S6,43,34.0,0.7906976744186046,2,0.25736417935070044,0.32835532008503404,1.186046511627907,9586,0.13382705747366225,3.072291087335626,0.2674479099281047,0.2597528864617946,False
474,826.9764344842674,899.3618662747656,0,261,dead_only,25,0.0,22.97578679888628,S6,43,0.0,0.0,0,0.2361813953488372,0.2960023230258715,1.1860465116279066,10000,1.0,0.0,1.0,1.0,False
475,828.6074646603988,275.4706311317297,0,262,dead_only,33,0.0,37.52021118832658,S6,53,17.0,0.32075471698113206,1,0.3061607858149199,0.3077687229304246,1.283018867924528,9562,0.6194708773397469,1.0476675388958352,0.823210786792676,0.8249156493182452,False
476,834.172396360541,680.8846920757235,0,263,dead_only,12,0.0,4.018090737674136,S6,26,34.0,1.3076923076923077,2,0.2794820003918098,0.42200229744347884,1.307692307692308,11387,0.06260976466455918,4.678985787489124,0.14221517472842954,0.1377938753705361,False
477,846.8851918591733,257.8413872604774,0,265,dead_only,34,0.0,29.20378887053308,S6,54,17.0,0.3148148148148148,1,0.34032603551769675,0.32573125157072896,1.2592592592592593,8922,0.6619970861817774,0.9250388802488332,0.8557931178159539,0.8457676203694046,False
478,849.089601493491,766.9108633798785,0,266,dead_only,18,0.0,4.780432768731665,S6,34,34.0,1.0,2,0.2262235875295778,0.33769877317925046,1.4999999999999993,9919,0.07106854838709678,4.420405541792825,0.15837784752244763,0.15383562325766628,False
479,853.0627523502992,887.0425990899652,0,267,dead_only,38,0.0,8.606502210207324,S6,61,34.0,0.5573770491803278,2,0.24427503652823718,0.2600369449769341,1.1147540983606552,9907,0.21285829632620104,2.281760171248188,0.39104420727348826,0.38212786302928925,False
480,854.7039559500072,78.82015683167813,0,268,dead_only,42,0.0,23.589371397390128,S6,64,51.0,0.796875,3,0.3919008582200615,0.32704531431702577,1.328125,10079,0.17331349206349206,2.0333586499893195,0.33189624356502134,0.3213475809173865,False
481,863.4723819534689,975.8320486573388,0,270,dead_only,19,0.0,10.00117048136394,S6,36,0.0,0.0,0,0.25462697776250304,0.3780106592947949,1.7777777777777777,8729,1.0,0.0,1.0,1.0,False
482,865.5064686247838,946.593277645528,0,271,dead_only,15,0.0,6.28308702457657,S6,30,17.0,0.5666666666666667,1,0.2370592286501378,0.3590389739205,1.1333333333333335,9680,0.3518231587645904,2.3904012085645387,0.5828776123626549,0.5801221990914563,False
483,871.5916648984678,226.0359412076288,0,273,dead_only,28,0.0,7.206239854459516,S6,47,17.0,0.3617021276595745,1,0.36154047795884486,0.34002190776153723,1.425531914893617,9740,0.6501385894672005,1.0004471136998054,0.8457670516940411,0.8422977784722844,False
484,873.0886934208578,402.7050254175301,0,274,dead_only,35,0.0,17.577218461401802,S6,55,0.0,0.0,0,0.3058218012468766,0.31333982754398804,1.2363636363636363,10951,1.0,0.0,1.0,1.0,False
485,872.7889156797612,215.78127590403884,0,275,dead_only,28,0.0,16.332869026705733,S6,47,34.0,0.723404255319149,2,0.3528801766955956,0.34436531496955725,1.4255319148936165,9951,0.2617564308681672,2.049999697044977,0.4621639131843214,0.45440225292625724,False
486,877.7054668563751,120.1520632789464,0,277,dead_only,32,0.0,16.435366577126022,S6,48,0.0,0.0,0,0.382681925451783,0.375692798591624,1.4166666666666667,10311,1.0,0.0,1.0,1.0,False
487,882.2789807417607,809.063913889743,0,279,dead_only,44,0.0,18.327425166253995,S6,67,68.0,1.0149253731343284,4,0.23041006592090713,0.24363820468232833,1.0149253731343284,9772,0.01749718612503837,4.404865599416659,0.0471805621708415,0.04601759950885091,True
488,883.4613608776024,1015.9316588493472,0,280,dead_only,28,0.0,28.259820607371143,S6,47,17.0,0.3617021276595745,1,0.2672193499717602,0.3562133887504842,1.7234042553191489,5387,0.5098366740905717,1.3535776046824424,0.7371885911878165,0.736742007064947,False
489,885.1355652235071,568.955124611985,0,281,dead_only,28,0.0,6.104469020855788,S6,49,0.0,0.0,0,0.3065941200965446,0.3322129157839742,1.3877551020408156,10341,1.0,0.0,1.0,1.0,False
490,889.107079112236,939.7466369694862,0,282,dead_only,35,0.0,22.12004127513292,S6,56,51.0,0.9107142857142857,3,0.21651619896605573,0.2368667661790423,0.9107142857142857,9423,0.024936332767402376,4.206217779839478,0.06481447615094366,0.06336478761185338,False
491,890.7787353116704,833.1676778878942,0,283,dead_only,31,0.0,5.97595459435,S6,52,68.0,1.3076923076923077,4,0.23874907939890624,0.28900485611375915,1.307692307692307,9818,0.012119360423668398,5.4772663877266385,0.03390721476995943,0.03323185904015427,True
492,896.0371623483718,93.7183184399876,0,284,dead_only,18,0.0,4.605492862213071,S6,33,51.0,1.5454545454545454,3,0.39864660072865826,0.4685797654710674,1.5454545454545456,9798,0.04010613327890601,3.8767533515392256,0.09796168524056703,0.09632797308084275,False
493,903.735328435454,155.51270735761452,0,286,dead_only,36,0.0,10.73280902978017,S6,58,0.0,0.0,0,0.37971330917989427,0.348930196528465,1.46551724137931,9413,1.0,0.0,1.0,1.0,False
494,902.8665754327068,993.1127219920736,0,287,dead_only,17,0.0,6.282980504918025,S6,32,0.0,0.0,0,0.22028569351555688,0.3183430648611883,1.0625,6878,1.0,0.0,1.0,1.0,False
495,905.7911605994664,299.019589489842,0,288,dead_only,29,0.0,15.768095991902491,S6,49,51.0,1.0408163265306123,3,0.36568908635753244,0.35591459500793504,1.3877551020408163,9848,0.09330896537719566,2.846178257321607,0.20003591420532688,0.19553990353946182,False
496,907.5884046623412,164.51748989532723,0,289,dead_only,34,0.0,12.642654764528418,S6,56,34.0,0.6071428571428571,2,0.3752911090147987,0.35958667110452996,1.5178571428571426,9692,0.3382853605694831,1.6177917423535764,0.5675805320544722,0.5613189263708142,False
497,907.3010973700672,938.584977903311,0,291,dead_only,22,0.0,7.607120932831717,S6,40,0.0,0.0,0,0.2138196025667564,0.2868624125595688,0.8500000000000008,9662,1.0,0.0,1.0,1.0,False
498,916.0514409613074,877.7940987638602,0,293,dead_only,26,0.0,20.86344377772631,S6,45,0.0,0.0,0,0.20375643744319902,0.28036573814778065,1.133333333333333,9903,1.0,0.0,1.0,1.0,False
499,920.1833066006726,189.89901731315945,0,294,dead_only,77,0.0,16.34435103172093,S6,113,34.0,0.3008849557522124,2,0.36333687062970194,0.25348020299978336,1.309734513274336,9340,0.6825821646504657,0.8281156691605407,0.8765436312392614,0.8599369835324892,False
500,918.249160536706,913.0562544613948,0,295,dead_only,29,0.0,36.231184029160815,S6,48,0.0,0.0,0,0.192411905792397,0.24865737170291702,1.0624999999999996,9242,1.0,0.0,1.0,1.0,False
501,923.6065856486416,437.8678813799421,0,297,dead_only,31,0.0,13.752913942921424,S6,51,34.0,0.6666666666666666,2,0.28860078615267915,0.3262907836486427,1.3333333333333333,11089,0.2037871956717764,2.309996017522899,0.37597723013697576,0.3670961127512136,False
502,925.8923640464236,80.49897129281939,0,298,dead_only,40,0.0,6.956339461641512,S6,64,34.0,0.53125,2,0.37525461129342536,0.2925459027621223,1.3124999999999996,8837,0.4047295768273365,1.4157054544083834,0.6355136333475248,0.6393025748083453,False
503,924.7006873006897,396.918432321174,0,299,dead_only,17,0.0,4.967091096254647,S6,33,17.0,0.5151515151515151,1,0.333492159987732,0.4344037042321707,1.5454545454545454,11066,0.4631788199150628,1.5447185180319254,0.6969175515427338,0.6980861297287194,False
504,926.3719035794816,877.4530698157317,0,301,dead_only,30,0.0,28.49399700491561,S6,49,17.0,0.3469387755102041,1,0.20410337290058383,0.26928583638238046,1.0408163265306123,10326,0.4535683160646848,1.6998189230277618,0.6880445683460774,0.6935375995640238,False
505,927.8243393662052,942.0585753518332,0,302,dead_only,24,0.0,24.168901260476837,S6,42,0.0,0.0,0,0.1856304597194035,0.25601577377464907,0.8095238095238096,9714,1.0,0.0,1.0,1.0,False
506,935.9134758278316,246.1227049161124,0,305,dead_only,18,0.0,5.7573123144784,S6,33,17.0,0.5151515151515151,1,0.3482762120648239,0.4225652795469724,1.5454545454545454,10748,0.493720346078705,1.4791464283401334,0.7246431769676551,0.7236487093617114,False
507,940.9192286872416,824.7261307366706,0,306,dead_only,48,0.0,21.33020804964427,S6,73,34.0,0.4657534246575342,2,0.19165529037016116,0.23059218877565504,0.9315068493150684,10476,0.19032165696287104,2.4301621090551824,0.3562008500445076,0.3463985867213501,False
508,942.7007591720696,508.7696903550621,0,308,dead_only,27,0.0,26.88129165191775,S6,45,51.0,1.1333333333333333,3,0.30714814814814817,0.37684501796450653,1.511111111111111,10800,0.06184612535876308,3.6898589171590492,0.14097438416575697,0.13726186472029273,False
509,950.4028661506696,548.7322993021227,0,309,dead_only,33,0.0,7.14347285350657,S6,55,0.0,0.0,0,0.2905977524159342,0.3346073532621168,1.5272727272727271,10395,1.0,0.0,1.0,1.0,False
510,950.969661981924,144.77798590375312,0,310,dead_only,31,0.0,9.245436341856673,S6,51,34.0,0.6666666666666666,2,0.3433630749826732,0.3447983842953011,1.3333333333333333,9421,0.2671407344512842,1.9415793812433324,0.4691661513724502,0.4607082830209033,False
511,950.0446670152317,377.5553684280786,0,311,dead_only,29,0.0,5.743419755976677,S6,50,51.0,1.02,3,0.32033358320839583,0.36211930623052474,1.3600000000000003,10672,0.0794528248852244,3.184180658749195,0.17434602627555645,0.16919913315638882,False
512,956.3645475649392,350.5441918375048,0,312,dead_only,43,0.0,19.88606862154172,S6,66,68.0,1.0303030303030303,4,0.35253593779409,0.328165124007028,1.2878787878787878,10304,0.0655992236778263,2.92254751884278,0.1477121408162165,0.14377163189390263,False
513,958.0305509429368,119.62882324497468,0,313,dead_only,32,0.0,7.194441004648976,S6,52,34.0,0.6538461538461539,2,0.34772269908415127,0.34498490046849895,1.307692307692308,9365,0.2811232116164852,1.8803666127298713,0.48876247381579263,0.4770026106782942,False
514,956.8221786362544,945.2643528173566,0,314,dead_only,30,0.0,7.480095822962786,S6,50,0.0,0.0,0,0.18690449438202247,0.2339838199478828,0.6800000000000003,10680,1.0,0.0,1.0,1.0,False
515,961.2508715712722,981.0674579327524,0,315,dead_only,22,0.0,8.698881227301442,S6,40,0.0,0.0,0,0.18313300857778247,0.25785512298664565,0.85,9443,1.0,0.0,1.0,1.0,False
516,964.050207389976,93.52719381387264,0,316,dead_only,37,0.0,6.385524316006521,S6,60,17.0,0.2833333333333333,1,0.3565419584073571,0.30218366093610777,1.1333333333333333,9569,0.7411703239289447,0.7946703793263477,0.9296885010984924,0.9045373326835845,False
517,966.3798873968492,144.49665822802942,0,317,dead_only,23,0.0,15.049647337268366,S6,39,0.0,0.0,0,0.40397697540554683,0.909258337644564,2.1794871794871793,9555,1.0,0.0,1.0,1.0,False
518,966.9141700850872,331.67897789675857,0,318,dead_only,25,0.0,6.369820748581753,S6,43,17.0,0.3953488372093023,1,0.34924528693390755,0.3995168176334533,1.5813953488372092,10087,0.5542228390166535,1.132009083587489,0.7729322819404296,0.7712201410655019,False
519,967.760890665165,284.9008746338397,0,319,dead_only,39,0.0,21.26777446924681,S6,61,0.0,0.0,0,0.33892779086646374,0.301627931457544,1.1147540983606556,10006,1.0,0.0,1.0,1.0,False
520,969.9884663126852,48.98170150938586,0,320,dead_only,13,0.0,7.509707441244081,S6,27,17.0,0.6296296296296297,1,0.39013310185185185,0.48936528379124833,1.8888888888888888,8960,0.46791652717330656,1.6138841504116295,0.6983748397511838,0.7012082430004537,False
521,976.7468998226316,234.9446564222674,0,322,dead_only,32,0.0,7.10991523926469,S6,53,51.0,0.9622641509433962,3,0.3103018485595764,0.3211081962341782,1.2830188679245282,9870,0.07283963124303515,3.101058390113478,0.16149231063626768,0.1563822287095367,False
522,983.9883043896734,493.2279347451063,0,323,dead_only,31,0.0,20.541042527527967,S6,51,0.0,0.0,0,0.3183420574724923,0.35187766181741353,1.3333333333333333,9361,1.0,0.0,1.0,1.0,False
523,998.613093924503,197.19304251317453,0,324,dead_only,24,0.0,6.116981010934901,S6,42,34.0,0.8095238095238095,2,0.38486045622530907,0.966599694791927,2.8333333333333335,7847,0.17367482161060144,2.103421633554084,0.33189624356502134,0.3213475809173865,False
524,999.0787835436264,291.55122517448774,0,325,dead_only,43,0.0,11.049584465506204,S6,66,0.0,0.0,0,0.35799243434612865,0.2986315090530916,1.0303030303030305,7498,1.0,0.0,1.0,1.0,False
525,1004.5969798916556,116.94819121039818,0,326,dead_only,34,0.0,6.14043574977242,S6,55,34.0,0.6181818181818182,2,0.41642710472279265,1.02217742477063,5.399636363636287,5844,0.2562874251497006,1.4844898691052535,0.4559736494090009,0.44935728542914166,False
526,1010.4619449784748,41.72549548975661,0,327,dead_only,31,0.0,51.73112989616084,S6,51,17.0,0.3333333333333333,1,0.3419987718876697,0.336029549794699,1.333333333333333,5141,0.6536367172306495,0.9746623693807224,0.8486154376858384,0.8426787089787295,False
1,88.11595567570438,448.4074593550221,1,0,live_only,129,33.97547956454528,0.0,S7,169,136.0,0.8047337278106509,8,0.08317241620104959,0.10781855732461024,0.5029585798816567,12202,0.00024584118659346063,9.67548815541679,0.0008525562005660921,0.0009096123903958043,True
2,144.55423667764657,561.5964748125155,2,0,live_only,132,56.90173057463706,0.0,S7,172,355.0,2.063953488372093,19,0.13107128775183688,0.12103602865894149,0.4941860465116279,12268,8.150623522699487e-05,15.746801025407398,0.0005396503631509923,0.0006112065547773226,True
3,145.68620291233955,834.8412391946771,3,0,live_only,78,19.148168206720992,0.0,S7,103,51.0,0.49514563106796117,3,0.1010348700353405,0.15359220148096478,0.6601941747572816,12258,0.027734725507790194,4.900740020695494,0.07110512798450952,0.07696386328411779,False
4,141.94720773976834,829.4706080193419,4,0,live_only,49,15.148453619594392,0.0,S7,68,0.0,0.0,0,0.09987355196606298,0.17817355898943368,0.5000000000000001,12258,1.0,0.0,1.0,1.0,False
5,160.27076869357086,185.04836615470612,5,0,live_only,142,62.019518595825794,0.0,S7,182,136.0,0.7472527472527473,8,0.17015700191479446,0.13465915859494867,0.5604395604395604,11742,0.0014476709529081156,4.391548621824752,0.004670719467467228,0.004919126809371454,True
6,162.64769618319048,434.7156001437922,6,0,live_only,120,25.3986488994216,0.0,S7,161,136.0,0.84472049689441,8,0.1342285807947175,0.11402171780954098,0.422360248447205,12202,8.194706219782021e-05,6.293149282314795,0.0005396503631509923,0.0006112065547773226,True
7,170.50812732950004,96.01046179133895,7,1,double_positive,110,235.6734699224442,17.84578889348173,S7,147,486.0,3.306122448979592,21,0.2647101136527118,0.25110693284427793,1.1564625850340136,10592,9.440196356084207e-05,12.489596273291928,0.0005396503631509923,0.0006112065547773226,True
8,187.74634514082624,149.41878366615364,8,2,double_positive,44,27.33164082964044,6.44730424462182,S7,68,34.0,0.5,2,0.20727023319615911,0.22243986475065497,0.7500000000000001,10935,0.1964155084125823,2.412309728656519,0.3646764152656996,0.3695274819287565,False
9,209.6082959152317,58.80674395720263,9,6,double_positive,30,20.21254702517656,29.789107113023277,S7,49,0.0,0.0,0,0.2168695564730135,0.28818854941143135,1.0408163265306123,10959,1.0,0.0,1.0,1.0,False
10,259.1033371090866,291.03985085319465,10,13,double_positive,35,23.70929768257566,45.29739888973967,S7,56,34.0,0.6071428571428571,2,0.2429091465279902,0.2685053943900609,0.9107142857142857,11675,0.19287427201096266,2.499464782701777,0.3599394687744152,0.3649268896571055,False
11,266.57103309339215,203.10088096228043,11,0,live_only,20,15.79083709249202,0.0,S7,36,17.0,0.4722222222222222,1,0.2706721593818368,0.36775390990403944,1.4166666666666663,11935,0.4276977211796247,1.744627978365736,0.6596004094767814,0.6503348911087444,False
12,277.60191253160184,660.0302460167328,12,15,double_positive,31,18.546431780416484,18.49133924007992,S7,50,51.0,1.02,3,0.20086903411569673,0.26736555630792,1.0199999999999998,11461,0.025737218635491187,5.077935504048371,0.06676234514046414,0.07202095634973583,False
13,277.3237739437088,474.2432198873528,13,14,double_positive,31,16.122345916026052,11.907012699216386,S7,52,17.0,0.3269230769230769,1,0.197272297856921,0.24221089964899672,0.9807692307692305,11888,0.467238623938094,1.6572173613559769,0.6983748397511838,0.6915822365306316,False
14,294.0032721861099,197.1982486230689,14,0,live_only,22,18.84519269893972,0.0,S7,40,34.0,0.85,2,0.31267846582749004,0.38398197857667427,1.6999999999999993,11837,0.16987666835614124,2.7184475200443106,0.32689916744497804,0.33472739977866883,False
15,308.6105624074249,592.6769388742563,15,0,live_only,20,10.216801249174052,0.0,S7,37,34.0,0.918918918918919,2,0.23254914525024603,0.32818768226429196,1.3783783783783778,11810,0.09144018288036576,3.9515041774506234,0.19700650696982458,0.20149593690468523,False
16,316.1120310973905,136.78449282310234,16,19,double_positive,41,41.62843102323469,44.877079145673896,S7,63,17.0,0.2698412698412698,1,0.30486495891217646,0.2896054885443625,1.0793650793650793,11860,0.6661327038192395,0.8851173673882408,0.8593751531942131,0.8402355695901771,False
17,319.7024770610432,105.5392051334696,17,20,double_positive,39,21.043841592864123,53.64455634838535,S7,61,34.0,0.5573770491803278,2,0.3103574235396996,0.2978952348795374,1.1147540983606556,11848,0.3170731707317073,1.795919823097225,0.5389828341271617,0.5305797279078319,False
18,327.71638124151525,658.848706859177,18,23,double_positive,41,32.7587712718599,41.652670909590896,S7,65,50.0,0.7692307692307693,2,0.20674682978604547,0.23087514099537454,0.7846153846153848,11016,0.04801670146137787,3.7206411823911267,0.11448099594743952,0.12299662758952946,False
19,350.28836204924704,337.41274799393364,19,27,double_positive,130,60.26327485654459,28.06107597958318,S7,171,187.0,1.0935672514619883,11,0.29171150097465887,0.1655854931341802,0.7953216374269002,9000,0.00011109876680368848,3.7487971773762427,0.0005396503631509923,0.0006112065547773226,True
20,350.2001449304103,449.0886281968386,20,0,live_only,85,55.15486840998051,0.0,S7,117,303.0,2.58974358974359,13,0.24903995077758684,0.18202641621467472,0.7264957264957265,10474,9.546539379474941e-05,10.398908213953366,0.0005396503631509923,0.0006112065547773226,True
21,353.0460428485894,483.17866113549576,21,0,live_only,168,221.2006621737028,0.0,S7,212,524.0,2.4716981132075473,26,0.22076127102111942,0.13679174568008592,0.5613207547169813,9788,0.00010215548064153642,11.196248788452975,0.0005396503631509923,0.0006112065547773226,True
22,349.5780587454838,802.7383975596586,22,28,double_positive,38,19.774385144309637,39.32776558933557,S7,60,0.0,0.0,0,0.17164344753059377,0.22369606044942048,0.85,11413,1.0,0.0,1.0,1.0,False
23,352.8500386001342,436.5001579864728,23,29,double_positive,62,43.23321225028389,6.514019119959017,S7,90,17.0,0.18888888888888888,1,0.2539665837637906,0.21350968075476498,0.9444444444444443,10454,0.7483500717360114,0.7437548912520349,0.9362468881095922,0.9094911455769774,False
24,367.6891616992036,869.6456012396643,24,0,live_only,88,29.404667559952777,0.0,S7,124,102.0,0.8225806451612904,6,0.1300838175064292,0.13787659046920744,0.5483870967741934,10499,0.00038095238095238096,6.323466369063436,0.001296837895263092,0.0013640552995391705,True
25,375.236261046557,371.8066248723703,25,0,live_only,144,148.73265554388203,0.0,S7,187,255.0,1.3636363636363635,15,0.2986796832898064,0.17072554868423498,0.8181818181818179,10320,9.688983625617673e-05,4.56554777551856,0.0005396503631509923,0.0006112065547773226,True
26,376.8552382881718,354.2750203413823,26,0,live_only,150,167.98824473040955,0.0,S7,190,423.0,2.2263157894736842,23,0.31984175914508833,0.1750117212940627,0.8052631578947367,9732,0.00010274324463166547,6.960678916425579,0.0005396503631509923,0.0006112065547773226,True
27,374.21466940194347,285.1175859976613,27,0,live_only,65,100.59312014420463,0.0,S7,94,169.0,1.797872340425532,9,0.3360191063424133,0.2580102509960816,1.0851063829787233,10490,9.53197979220284e-05,5.350506285179652,0.0005396503631509923,0.0006112065547773226,True
28,376.7468155985061,765.3662479502373,28,0,live_only,59,17.62997781561052,0.0,S7,87,84.0,0.9655172413793104,4,0.19164070122430993,0.1977482862310633,0.7816091954022989,10591,0.004059667673716012,5.038163788856107,0.012389150524258043,0.013124945003373127,True
29,385.48295642066273,283.25691877566777,29,0,live_only,84,217.5101647559495,0.0,S7,115,238.0,2.0695652173913044,14,0.33890520204211017,0.2333696056166718,1.034782608695652,10424,9.592326139088728e-05,6.106619800820153,0.0005396503631509923,0.0006112065547773226,True
30,385.7547387778429,461.171543154934,30,0,live_only,134,179.07130472000077,0.0,S7,173,970.0,5.606936416184971,41,0.2533017409737284,0.15996995695730062,0.6878612716763006,9424,0.00010610079575596818,22.135404180923114,0.0005396503631509923,0.0006112065547773226,True
31,383.8898431839573,777.8294610072513,31,33,double_positive,33,26.479054187957136,42.22856844411098,S7,53,17.0,0.32075471698113206,1,0.1855526605697099,0.2551235766435814,0.9622641509433962,10790,0.4249837827819479,1.728645205066345,0.6593348878806059,0.6503348911087444,False
32,392.7075415722079,660.197823253721,32,35,double_positive,35,33.27543484475231,43.15616880895511,S7,56,17.0,0.30357142857142855,1,0.20618968482110775,0.24684087082509618,0.9107142857142857,11132,0.502021018593371,1.4722920248644358,0.7299565707574016,0.7236926371930413,False
33,396.1387663844131,890.6120341232497,33,0,live_only,74,55.8140534568855,0.0,S7,104,51.0,0.49038461538461536,3,0.14551227402889808,0.1632698030955418,0.6538461538461539,10557,0.06847887857548778,3.3700567093551657,0.15366281230520354,0.1609954972162902,False
34,398.7557580018252,124.64117662273576,34,37,double_positive,32,27.204646321198197,35.21077158928383,S7,52,34.0,0.6538461538461539,2,0.3742379453822453,0.346012378482509,1.3076923076923077,11684,0.32237911852802736,1.7471401869158878,0.5467577705231611,0.5367612323491656,False
35,411.1746580033497,60.96734022213917,35,40,double_positive,37,32.644336593457005,37.741912674820206,S7,59,34.0,0.576271186440678,2,0.3458102677114448,0.3118646886632483,1.152542372881356,10906,0.33602273769139085,1.6664374665749866,0.5652678220307833,0.5509086477610919,False
36,419.57292342492457,12.04340072018654,36,0,live_only,109,94.24438393576234,0.0,S7,146,372.0,2.547945205479452,19,0.3465275700295215,0.20870106217407258,0.9315068493150684,5907,0.00016926201760324982,7.3527921754173455,0.0006265361487687623,0.0006790873718299059,True
37,417.60281962088936,556.628222512054,37,0,live_only,25,12.37317543820243,0.0,S7,46,51.0,1.108695652173913,3,0.22165510896178353,0.27912709844024475,1.1086956521739126,11436,0.018361458424411996,5.001895320017495,0.04900166991041637,0.053168397002862564,True
38,421.4382134267123,741.7831142410218,38,0,live_only,89,182.21323467211133,0.0,S7,121,237.0,1.9586776859504131,13,0.20836109040781464,0.17758676658318925,0.8099173553719007,10024,9.975062344139652e-05,9.400400440009179,0.0005396503631509923,0.0006112065547773226,True
39,419.03967575668827,900.6895896638994,39,44,double_positive,37,16.32119593219079,21.62177548513489,S7,59,0.0,0.0,0,0.1680684876700371,0.22702965095529834,0.864406779661017,11184,1.0,0.0,1.0,1.0,False
40,425.656641133533,850.1223979816253,40,47,double_positive,40,17.42697152137642,26.703238196209305,S7,62,17.0,0.27419354838709675,1,0.17889162141032056,0.21770172631503687,0.8225806451612904,10769,0.48245125348189416,1.532735553657842,0.7134997443170088,0.7046327517959243,False
41,433.8739481148178,784.9578856798203,41,49,double_positive,52,17.394898923421756,19.314556047800718,S7,81,17.0,0.20987654320987653,1,0.20508714875407102,0.22128480802445763,1.0,10432,0.6136298284290232,1.0233529720652983,0.8179628853776394,0.7997556960702341,False
42,440.4892782780898,427.23304960104906,42,0,live_only,130,218.9479875895359,0.0,S7,168,939.0,5.589285714285714,31,0.29884247777042916,0.17990189663254305,0.8095238095238095,10368,9.644131545954287e-05,18.70311662513856,0.0005396503631509923,0.0006112065547773226,True
43,440.6770743507008,296.6518831407145,43,0,live_only,84,121.9796310467234,0.0,S7,116,271.0,2.336206896551724,15,0.3527709705994556,0.2380495251912173,1.0258620689655173,10666,9.374707040404987e-05,6.622446548200554,0.0005396503631509923,0.0006112065547773226,True
44,440.6782584618646,142.43552169644127,44,50,double_positive,38,32.817456138417135,59.46598223727608,S7,59,50.0,0.847457627118644,2,0.39702976699405806,0.3288655623317681,1.423728813559322,11795,0.15818921668362157,2.134493928590818,0.3062259911024734,0.3135536259264642,False
45,441.5030165465416,334.8441549075815,45,51,double_positive,28,17.068815570767022,10.196301415251758,S7,46,17.0,0.3695652173913043,1,0.34594447468698963,0.36420956922416786,1.478260869565217,11022,0.6022861290029937,1.0682789997605446,0.8084337339599202,0.7958780990396702,False
46,444.1460169394237,639.213195436231,46,52,double_positive,40,30.58613419661326,56.16207937877012,S7,64,34.0,0.53125,2,0.24346051133876193,0.25845113907704964,1.0624999999999998,11421,0.23498511644195413,2.1820787160871227,0.42449922385325045,0.42761655703143897,False
47,455.8186280131441,70.73624855375422,47,54,double_positive,40,24.73494997830404,30.30536113828514,S7,62,17.0,0.27419354838709675,1,0.3601533729304058,0.3142354638064839,1.0967741935483875,10634,0.7248707099200752,0.761324393982784,0.9110051460914124,0.8874336264830331,False
48,461.5194180872028,731.6452015599997,48,0,live_only,82,206.7866223962824,0.0,S7,114,102.0,0.8947368421052632,6,0.20632970895331496,0.18072710632847744,0.8596491228070174,10562,0.00728959575878065,4.336442127719524,0.021246304941884276,0.02268631203433604,True
49,463.9962928497808,638.5164146795522,49,0,live_only,95,203.3318536876168,0.0,S7,128,254.0,1.984375,14,0.24120687461272905,0.18335379374625232,0.796875,11297,8.85112409275978e-05,8.226859218610679,0.0005396503631509923,0.0006112065547773226,True
50,465.96829030086633,524.8913494402871,50,0,live_only,131,75.18706278817271,0.0,S7,171,237.0,1.3859649122807018,13,0.2817657492570274,0.16322618344398648,0.695906432748538,9459,0.00010570824524312896,4.918855169357086,0.0005396503631509923,0.0006112065547773226,True
51,473.0632521343808,376.4464602587314,51,57,double_positive,53,18.15489707695645,17.801741850543145,S7,85,0.0,0.0,0,0.32644112644112644,0.2729592885492546,1.1999999999999997,10582,1.0,0.0,1.0,1.0,False
52,485.3024581597631,69.25250475108615,52,0,live_only,157,44.50827905937527,0.0,S7,200,152.0,0.76,8,0.3993074074074074,0.21083617699945953,1.0099999999999998,9450,0.0781927838323987,1.9032955209483087,0.17189159428918832,0.18082081261242197,False
53,480.5176632339599,251.88199244825992,53,60,double_positive,35,21.248600247237285,48.0069162590387,S7,56,68.0,1.2142857142857142,4,0.38474872928986853,0.3473852608358842,1.5178571428571423,11692,0.04147780723509792,3.1560486672091774,0.10055460931574206,0.10961991912133022,False
54,490.0820775044356,174.07407484883024,54,63,double_positive,33,24.23549512043988,54.59293594035474,S7,52,17.0,0.3269230769230769,1,0.3804826477475274,0.3558539449312361,1.6153846153846148,11005,0.6982554970016355,0.8592325533331802,0.8861422501087292,0.8643831988905004,False
55,493.72353171093226,938.887972201807,55,0,live_only,72,18.55194415695334,0.0,S7,104,51.0,0.49038461538461536,3,0.18772100710823678,0.1710161992966215,0.6538461538461539,10681,0.10887474255757348,2.612305478959357,0.22740232153947154,0.23390509207530302,False
56,513.1348192093328,93.78697686555678,56,0,live_only,95,233.46726165407347,0.0,S7,129,674.0,5.224806201550388,29,0.4112954060985762,0.25545052461005263,1.1705426356589148,9666,0.00010344470880314473,12.703293360631765,0.0005396503631509923,0.0006112065547773226,True
57,517.0112521125875,246.2426539775668,57,67,double_positive,42,21.07146144087761,37.84658248321627,S7,65,85.0,1.3076923076923077,5,0.3238469196655458,0.28852751143952116,1.0461538461538462,11049,0.005972850678733032,4.037995201692306,0.017686729064650096,0.018763766754887733,True
58,519.2060064898862,408.2577281565419,58,0,live_only,85,89.71290334058445,0.0,S7,117,388.0,3.3162393162393164,20,0.280285659871142,0.21066492538528664,0.8717948717948718,10277,9.72951936174353e-05,11.831641039944454,0.0005396503631509923,0.0006112065547773226,True
59,522.7295748360451,311.7453698072509,59,0,live_only,102,21.47709623139013,0.0,S7,141,202.0,1.4326241134751774,10,0.32576774931302993,0.21787132814442056,0.9645390070921984,10742,9.308386856557759e-05,4.397685518275691,0.0005396503631509923,0.0006112065547773226,True
60,524.1236010981554,591.9826990071182,60,0,live_only,72,24.115214372988248,0.0,S7,102,68.0,0.6666666666666666,4,0.2814523553585113,0.22634047000687613,0.9999999999999999,11437,0.09197412134988635,2.3686661489027974,0.1978282510626909,0.20149593690468523,False
61,520.0909291441261,598.9048062327033,61,0,live_only,20,10.1366378825118,0.0,S7,35,34.0,0.9714285714285714,2,0.2707117994493833,0.3778585896888459,1.4571428571428566,11779,0.11281833616298811,3.5884234577303884,0.23487220225264138,0.24082375604022466,False
62,521.3953048966373,965.296545394647,62,70,double_positive,29,26.656643563315438,16.549840889087065,S7,48,51.0,1.0625,3,0.19667122827235187,0.2638443768328643,1.0624999999999998,10413,0.01910889187632034,5.402417065950499,0.05078736222046615,0.05438684610952712,False
63,522.7691883721243,376.2191960522778,63,69,double_positive,41,43.7200981481472,59.30601341182061,S7,62,17.0,0.27419354838709675,1,0.30883893146701497,0.2930203218344128,1.096774193548387,10472,0.6727776186384035,0.8878205447889964,0.8648092877839537,0.8454148943644842,False
64,528.9779600857279,171.4464204516846,64,0,live_only,98,167.50697374947472,0.0,S7,132,372.0,2.8181818181818183,18,0.385018105051634,0.2369875813411808,1.143939393939394,10737,9.312721177127957e-05,7.319608561794459,0.0005396503631509923,0.0006112065547773226,True
65,528.8403397699967,192.788778978948,65,72,double_positive,28,40.53528399745717,13.752157679744805,S7,47,33.0,0.7021276595744681,1,0.35319299673653354,0.3608082078685788,1.446808510638298,11292,0.253077127424068,1.9879433229482308,0.4515007348954831,0.4506667563220034,False
66,529.595575669784,12.688102824573992,66,71,double_positive,29,18.97753935531106,12.666248836143506,S7,49,0.0,0.0,0,0.3608431301057362,0.3760191027841939,1.3877551020408163,6213,1.0,0.0,1.0,1.0,False
67,538.1944225122745,92.20940506126516,67,0,live_only,132,70.61771897130983,0.0,S7,173,203.0,1.1734104046242775,11,0.41617007022483626,0.22223416390794418,1.0693641618497107,9698,0.0035055160325806784,2.8195453940028448,0.010774062308666208,0.011557790483657088,True
68,538.9740951940746,54.97754961280575,68,75,double_positive,46,23.2577961928686,56.67598290846068,S7,70,84.0,1.2,4,0.38947210463132625,0.3353043905257417,1.4428571428571428,9044,0.033499170812603646,3.0810935769993546,0.08436587290086782,0.09143626131636896,False
69,541.7193559841635,181.7233454962612,69,76,double_positive,36,65.70925357846647,84.95601614508846,S7,58,84.0,1.4482758620689655,4,0.355211441601185,0.3222012237526335,1.1724137931034482,11221,0.007930850115843878,4.077221880974832,0.02301188501174387,0.024453454523851954,True
70,544.2915071265508,710.0487260939585,70,0,live_only,106,160.56168628061567,0.0,S7,141,51.0,0.3617021276595745,3,0.2471902716756348,0.14649030223538687,0.6028368794326242,9913,0.3164212225136171,1.463253894288377,0.538580479790238,0.5305797279078319,False
71,545.0387825297444,956.8817852138582,71,0,live_only,99,64.51221231254688,0.0,S7,132,186.0,1.4090909090909092,10,0.1901163000686243,0.1640078871605237,0.6439393939393938,9229,0.00010834236186348862,7.4117311802422225,0.0005396503631509923,0.0006112065547773226,True
72,547.502829400391,876.8143894501353,72,79,double_positive,30,18.007993561024715,18.098252930048183,S7,49,51.0,1.0408163265306123,3,0.22759208832191324,0.28693932051339976,1.0408163265306123,11032,0.03262938457355207,4.573165676385242,0.08233523694921602,0.08979822366109785,False
73,552.5010751597945,933.6289588176542,73,0,live_only,96,115.48948262731304,0.0,S7,129,170.0,1.317829457364341,10,0.19695207112977892,0.1558231774609111,0.6589147286821704,9036,0.00011065619121389841,6.691117538418649,0.0005396503631509923,0.0006112065547773226,True
74,553.9089817773004,362.3413166927445,74,0,live_only,108,216.75169337036368,0.0,S7,143,372.0,2.6013986013986012,19,0.2995399553498145,0.19853456170063372,0.8321678321678322,10224,9.779951100244499e-05,8.684646421745594,0.0005396503631509923,0.0006112065547773226,True
75,558.5894818965985,130.47272755237,75,81,double_positive,33,17.82849248716976,19.842036938080376,S7,54,0.0,0.0,0,0.40163008559762897,0.38330822190656266,1.5740740740740737,10722,1.0,0.0,1.0,1.0,False
76,561.5102468376721,291.692353708989,76,0,live_only,94,70.69866533321975,0.0,S7,128,505.0,3.9453125,24,0.30321405655367734,0.20863326594312523,0.7968750000000003,11299,8.849557522123894e-05,13.011641164800583,0.0005396503631509923,0.0006112065547773226,True
77,565.8721157200494,373.9042669202129,77,0,live_only,120,221.4238975531389,0.0,S7,159,491.0,3.088050314465409,26,0.2937270871835304,0.18209288736327847,0.7484276729559748,10434,9.583133684714902e-05,10.513331760022162,0.0005396503631509923,0.0006112065547773226,True
78,567.0496026925591,544.7707472027178,78,0,live_only,26,10.126376966184855,0.0,S7,52,33.0,0.6346153846153846,1,0.2747795885653219,0.30388014761023496,1.307692307692307,11229,0.20338379341050758,2.309543397778692,0.3757674929536016,0.3804876584589833,False
79,579.2424219076543,19.101026875025823,79,0,live_only,99,33.38733122524747,0.0,S7,135,187.0,1.385185185185185,11,0.37654439924831706,0.22928826556930554,1.005407407407404,6228,0.00016053941242575052,3.6786769049025394,0.000603535124394778,0.0006682453042221865,True
80,579.6164745549883,504.41756913042894,80,0,live_only,160,108.56462791372734,0.0,S7,203,609.0,3.0,30,0.281308805005085,0.1426529821805693,0.669950738916256,11165,8.955758552749418e-05,10.664436898609596,0.0005396503631509923,0.0006112065547773226,True
81,582.8846011620966,714.6739363101278,81,0,live_only,86,199.22892139425983,0.0,S7,118,102.0,0.864406779661017,6,0.24881452841790086,0.16893155035802318,0.7203389830508473,10144,0.00039428289797930016,3.474100910253871,0.001335208664958622,0.001396768138586244,True
82,596.2211761577295,972.6362249309716,82,0,live_only,104,32.14772857278927,0.0,S7,141,270.0,1.9148936170212767,13,0.21298315969732573,0.17178638892514092,0.723404255319149,8457,0.00011823126034523528,8.990821714461214,0.0005396503631509923,0.0006112065547773226,True
83,598.156073664482,758.2847552521114,83,0,live_only,113,181.2181556324061,0.0,S7,150,575.0,3.8333333333333335,30,0.22731594082389217,0.14822908955914307,0.6733333333333331,9621,0.00010392849719393057,16.86346025465553,0.0005396503631509923,0.0006112065547773226,True
84,628.4002951925918,955.8516541355164,84,0,live_only,56,19.966415840851496,0.0,S7,83,68.0,0.8192771084337349,4,0.23123072382417384,0.22948164048532008,0.8192771084337351,10981,0.03633217993079585,3.5431152698233443,0.09054036647440418,0.09707490974729241,False
85,635.8667027088392,124.56195160589644,85,0,live_only,55,21.135958354281502,0.0,S7,80,51.0,0.6375,3,0.33456742825299524,0.2931782968627709,1.0625,10767,0.2214895988112927,1.905445498173036,0.40234175022163393,0.4074919138351407,False
86,641.9016870399158,121.1895595006034,86,0,live_only,22,15.639727682088512,0.0,S7,36,17.0,0.4722222222222222,1,0.32994913752774546,0.4215135079259294,1.416666666666667,11163,0.4768900035829452,1.431197019517934,0.708506683444536,0.7020587970871168,False
87,641.4697844456759,941.812247545058,87,96,double_positive,34,15.507912510392044,26.38458144862942,S7,54,0.0,0.0,0,0.23834542491391322,0.2873613066089077,0.9444444444444448,11272,1.0,0.0,1.0,1.0,False
88,648.0097914562225,709.9835082923022,88,98,double_positive,72,158.6059502107237,5.723474197796673,S7,104,68.0,0.6538461538461539,4,0.2544267407197695,0.19483984799842582,0.8173076923076922,9238,0.06364325143413789,2.5698798483069534,0.14430995998265184,0.15357393280846318,False
89,655.2430453173663,91.25697246465305,89,0,live_only,102,36.61667180435404,0.0,S7,139,456.0,3.2805755395683454,24,0.34278036612441115,0.21658159922396059,0.9712230215827338,9705,0.0001030290541932825,9.570488463676096,0.0005396503631509923,0.0006112065547773226,True
90,658.9084488513031,595.4530352261642,90,0,live_only,133,62.25809479897803,0.0,S7,173,170.0,0.9826589595375722,10,0.28118294759508555,0.1709265686271313,0.6878612716763006,11355,0.0003522367030644593,3.4947316967195308,0.0012022394838805362,0.0012749437187007059,True
91,661.9380947652002,119.10008020838576,91,0,live_only,96,121.316098981153,0.0,S7,130,236.0,1.8153846153846154,12,0.32018000425206894,0.21711178796882652,0.9153846153846152,9769,0.00010235414534288638,5.669887535998072,0.0005396503631509923,0.0006112065547773226,True
92,661.3431847108767,225.7901715940355,92,0,live_only,121,171.41355260485116,0.0,S7,159,621.0,3.9056603773584904,28,0.3294634907554747,0.1938243585835439,0.8553459119496856,10624,9.411764705882353e-05,11.854607526930023,0.0005396503631509923,0.0006112065547773226,True
93,664.3257708857175,309.7138764006767,93,100,double_positive,41,25.70175569331766,60.92348278922191,S7,63,85.0,1.3492063492063493,5,0.3441639866432672,0.3270439678630879,1.349206349206349,11342,0.011548972934849687,3.920242679559696,0.03249244663015194,0.03433757131522273,True
94,666.9319002804908,321.25881809899994,94,101,double_positive,55,20.693067520386887,20.51863400270316,S7,84,51.0,0.6071428571428571,3,0.3548479375611089,0.2889060205799892,1.2142857142857142,11153,0.2520172135556751,1.7109944651666467,0.4502290991483617,0.4506667563220034,False
95,669.004418114708,692.7628034899972,95,0,live_only,109,149.06848933363725,0.0,S7,144,204.0,1.4166666666666667,12,0.27166526269252367,0.1660404888960972,0.7083333333333334,9299,0.00010752688172043011,5.214750876228439,0.0005396503631509923,0.0006112065547773226,True
96,668.4432514979067,282.2999477544984,96,102,double_positive,43,20.41366886988537,16.556466303498276,S7,66,0.0,0.0,0,0.33454270986113616,0.3191219771977382,1.2878787878787878,10599,1.0,0.0,1.0,1.0,False
97,675.4833000016191,20.665217027644108,97,0,live_only,82,118.91084735372404,0.0,S7,113,204.0,1.8053097345132743,12,0.35949817613759893,0.22839483445262027,0.9026548672566371,6594,0.00015163002274450342,5.02174935603091,0.0005801302050136311,0.0006391493363787297,True
98,692.4227798706511,409.3102607097504,98,0,live_only,103,80.41379998242114,0.0,S7,139,589.0,4.237410071942446,26,0.3879720545492342,0.2300722003833762,0.9784172661870506,11282,8.862891075068687e-05,10.921946625423024,0.0005396503631509923,0.0006112065547773226,True
99,696.6609114121756,503.073973560648,99,0,live_only,128,34.705323979669814,0.0,S7,169,136.0,0.8047337278106509,8,0.29598614508959514,0.175553409186136,0.7041420118343196,11866,0.008342462290385102,2.7188222866548624,0.024152173193369368,0.025486604978882926,True
100,696.3208308817788,693.9103519937968,100,0,live_only,77,35.38913711364529,0.0,S7,110,254.0,2.309090909090909,13,0.2810142774208149,0.2035289186735153,0.9272727272727271,9239,0.00010822510822510823,8.216987870808707,0.0005396503631509923,0.0006112065547773226,True
101,697.7107257072466,944.5098539458786,101,112,double_positive,51,23.628242523918846,16.869144648777198,S7,77,34.0,0.44155844155844154,2,0.2719499022579789,0.25851576364422246,1.0909090909090908,10809,0.3382978723404255,1.6236756766309388,0.5675805320544722,0.5509086477610919,False
102,700.3677974780081,734.7191152293723,102,0,live_only,86,137.42747002719,0.0,S7,117,169.0,1.4444444444444444,9,0.2723170504190698,0.19779088066829725,0.8717948717948718,8567,0.00011671335200746966,5.304274712955297,0.0005396503631509923,0.0006112065547773226,True
103,705.3092833407791,776.699952211813,103,0,live_only,57,14.871274003163794,0.0,S7,89,269.0,3.0224719101123596,13,0.27575361431494877,0.22627159683461034,0.9550561797752809,10185,9.817396426467701e-05,10.960769880101294,0.0005396503631509923,0.0006112065547773226,True
104,706.643808662548,625.4259973134385,104,0,live_only,103,59.64269226578076,0.0,S7,138,118.0,0.855072463768116,6,0.3005549014383893,0.19740571165927195,0.8623188405797102,10118,0.01897420693744441,2.8449792689319926,0.050532949482269815,0.05438684610952712,False
105,705.1106432102083,813.1222533802639,105,115,double_positive,29,17.724616220368954,35.51562586633335,S7,48,17.0,0.3541666666666667,1,0.27517050493929107,0.29682492388231957,1.0625,10899,0.5587155963302752,1.2870807746811526,0.7772015494976846,0.7756080786777011,False
106,720.9961232268089,687.575843352592,106,0,live_only,106,221.22112818651067,0.0,S7,142,237.0,1.6690140845070423,13,0.3094393869041756,0.19860670011037726,0.8380281690140845,9009,0.00011098779134295228,5.393670473577714,0.0005396503631509923,0.0006112065547773226,True
107,718.7916300994774,787.4836833736124,107,116,double_positive,35,38.53144807952151,37.04616508876656,S7,57,51.0,0.8947368421052632,3,0.3033307670555313,0.29302933006708615,1.1929824561403508,10733,0.08039873299795043,2.9497068523268597,0.17584680724846832,0.18337519238573627,False
108,723.4021466935038,441.1399927298645,108,0,live_only,89,59.63485855383016,0.0,S7,122,373.0,3.057377049180328,19,0.3832538250117952,0.23534087594600292,0.9754098360655739,10945,9.13575735428467e-05,7.9774208361422945,0.0005396503631509923,0.0006112065547773226,True
109,722.8382879341384,873.7479149677414,109,117,double_positive,55,51.50808695455024,57.67484457335241,S7,80,34.0,0.425,2,0.2535275461320085,0.21792584203943738,0.85,11272,0.3389514769803956,1.676346442365312,0.5675805320544722,0.5509086477610919,False
110,729.7083212352117,157.10886066869926,110,0,live_only,77,18.49218027214357,0.0,S7,110,322.0,2.9272727272727272,18,0.3637813937035727,0.2714368256882563,1.2272727272727268,10280,9.726680284019065e-05,8.046790676870119,0.0005396503631509923,0.0006112065547773226,True
111,730.5350377253458,49.12467092073761,111,118,double_positive,33,14.53768482550737,35.02558768890026,S7,50,34.0,0.68,2,0.3659189580318379,0.3641948436706505,1.3600000000000003,8292,0.2848185216447606,1.858334981214159,0.49386313178242586,0.4926710239418126,False
112,733.035220464538,356.94612630955766,112,0,live_only,103,216.8915437874916,0.0,S7,138,542.0,3.927536231884058,30,0.3853520844776194,0.2233218776568202,0.9855072463768116,11003,9.087604507451835e-05,10.192072107792535,0.0005396503631509923,0.0006112065547773226,True
113,742.2590597526831,104.33639301395267,113,0,live_only,99,211.80575809903303,0.0,S7,133,474.0,3.56390977443609,26,0.34539658839770826,0.2733896364944452,1.3984962406015038,7614,0.0001313197636244255,10.318312033622092,0.0005424118382115549,0.0006120760959470637,True
114,752.9689568713711,148.31710753784233,114,0,live_only,174,50.64714436143122,0.0,S7,229,459.0,2.004366812227074,27,0.35453043741076173,0.1979631572459226,1.1091703056768556,8380,0.00011931750387781887,5.653581754123974,0.0005396503631509923,0.0006112065547773226,True
115,763.2756055485543,146.96328279881513,115,0,live_only,27,10.280378774212895,0.0,S7,38,51.0,1.3421052631578947,3,0.36041527026080694,0.42121965098990277,1.7894736842105257,10522,0.04656466787037917,3.723774695191767,0.11163470282418074,0.12020181706074623,False
116,752.523662812134,444.9980432080793,116,0,live_only,78,171.46441691071328,0.0,S7,108,539.0,4.9907407407407405,26,0.370160337192248,0.2751454030589075,1.25,10404,9.610764055742432e-05,13.482645867995114,0.0005396503631509923,0.0006112065547773226,True
117,751.4513274068202,1011.237070508254,117,128,double_positive,39,12.051627459630936,25.71935640295431,S7,64,0.0,0.0,0,0.31921246751261273,0.3021277040845877,1.3125,6541,1.0,0.0,1.0,1.0,False
118,756.3944564947827,73.9101643114362,118,0,live_only,99,96.68129343040069,0.0,S7,135,338.0,2.5037037037037035,18,0.3516711175851744,0.25306132351379745,1.3777777777777775,8238,0.00012137395314965408,7.1194464899361805,0.0005396503631509923,0.0006112065547773226,True
119,762.0639565697203,97.83304900575467,119,132,double_positive,37,27.838373326603715,44.5162219872347,S7,58,68.0,1.1724137931034482,4,0.3710858576375067,0.37647234427451665,1.4655172413793103,9182,0.04878579984754437,3.159413836376148,0.11525534135203105,0.1230732677972142,False
120,773.5638924281392,27.37792551923767,120,0,live_only,121,151.00067083434712,0.0,S7,158,691.0,4.3734177215189876,33,0.361329165130474,0.1864108102163066,0.8580379746835419,4944,0.00020222446916076846,12.103694203427422,0.000712731349188904,0.0007740315888567345,True
121,771.6411610442082,527.66561640606,121,133,double_positive,41,27.455404699900363,90.03894596852197,S7,64,85.0,1.328125,5,0.39113059798084393,0.34519435292812634,1.328125,11589,0.02182916307161346,3.395604963805584,0.05742885294905204,0.06160263815972273,False
122,789.5737583596806,79.9030820462518,122,137,double_positive,81,159.4473074479752,5.362990606222373,S7,114,371.0,3.254385964912281,19,0.34974459337146374,0.2788803504723927,1.3421052631578947,7288,0.00013719303059404582,9.305035807818186,0.0005451155628181591,0.0006120760959470637,True
123,785.2816996838704,340.0417206072608,123,135,double_positive,37,13.433783877248995,16.283954902891793,S7,66,17.0,0.25757575757575757,1,0.4231322848828432,0.3468944279948404,1.539242424242426,11642,0.802714077127888,0.6087357707698317,0.997241530684742,0.9684919843608215,False
124,785.7515844052785,401.4323965560862,124,136,double_positive,37,22.71659948725069,17.381713638202797,S7,61,68.0,1.1147540983606556,4,0.37610952490841,0.3337838123096166,1.3934426229508192,10869,0.05703771849126035,2.9639081824160662,0.13093437324453924,0.13965853130580658,False
125,789.4985936883829,646.1564869822579,125,0,live_only,104,110.86764475846944,0.0,S7,139,356.0,2.5611510791366907,20,0.32594741214115,0.21522582248054833,0.9784172661870502,9596,0.00010419922892570594,7.8575591759188335,0.0005396503631509923,0.0006112065547773226,True
126,790.7158976310449,31.66591496821737,126,0,live_only,69,190.62112860927465,0.0,S7,97,335.0,3.4536082474226806,13,0.35899921459856077,0.24939192614989472,1.0515463917525767,5828,0.00017155601303825698,9.620099729980096,0.0006303346994635107,0.0006800970516873759,True
127,794.8135086214822,668.2903578227886,127,141,double_positive,100,233.14672230736545,11.09028056406224,S7,133,354.0,2.661654135338346,18,0.3228086241244136,0.20764259679856042,0.894736842105263,9360,0.00010682619378271552,8.245300578811422,0.0005396503631509923,0.0006112065547773226,True
128,799.2460438383804,885.64244660925,128,142,double_positive,57,26.531319332112957,39.94987009411557,S7,87,102.0,1.1724137931034482,6,0.28119581007722305,0.2260807898446216,0.781609195402299,11275,0.000709471443774388,4.169385713042721,0.0023534129477631237,0.0024356081523388786,True
129,807.2836248904389,725.4207770816301,129,0,live_only,226,136.14085600825993,0.0,S7,285,542.0,1.9017543859649122,30,0.3063421455658593,0.1221836683658086,0.5964912280701753,9359,0.00010683760683760684,6.207942372578511,0.0005396503631509923,0.0006112065547773226,True
130,799.5756204249234,162.47696730830853,130,143,double_positive,41,12.55982858370831,4.614883875761821,S7,71,204.0,2.8732394366197185,12,0.36821613637367095,0.3272024745477397,1.4366197183098592,10527,9.498480243161094e-05,7.80313286896236,0.0005396503631509923,0.0006112065547773226,True
131,808.1440693822946,497.0750438620041,131,0,live_only,121,191.1544812030668,0.0,S7,159,474.0,2.981132075471698,26,0.41013937947371726,0.21870316441323506,1.062893081761006,9818,0.00010184336490477646,7.268582888326957,0.0005396503631509923,0.0006112065547773226,True
132,811.0404415177466,462.491733328868,132,0,live_only,100,35.87787600857081,0.0,S7,135,119.0,0.8814814814814815,7,0.39854949082182006,0.24998049894127808,1.133333333333333,9136,0.048703075407683045,2.211724018675428,0.11525534135203105,0.1230732677972142,False
133,813.3890179691473,105.64238627934851,133,0,live_only,98,155.8643840189259,0.0,S7,131,605.0,4.6183206106870225,25,0.36208245884098594,0.2656234927201757,1.4198473282442747,7969,0.00012547051442910915,12.754886346800989,0.0005396503631509923,0.0006112065547773226,True
134,810.8399956380317,689.7441611205262,134,147,double_positive,45,38.21712876612804,46.15504588092321,S7,69,51.0,0.7391304347826086,3,0.3103349873524335,0.2860222321559351,1.2318840579710142,10462,0.12701901940170124,2.381718030211049,0.25781481715806964,0.2643583341297907,False
135,815.6823070862465,446.0042005755,135,0,live_only,83,190.96885494072208,0.0,S7,113,354.0,3.1327433628318584,18,0.3898135103051974,0.2522076692733398,1.1946902654867255,9177,0.00010895619960775768,8.036518181165999,0.0005396503631509923,0.0006112065547773226,True
136,821.6329730251148,849.3211487258342,136,149,double_positive,87,25.460296862093752,22.62654764517321,S7,99,51.0,0.5151515151515151,3,0.2976592440626291,0.23599286260521257,1.03030303030303,11344,0.25464962538563246,1.7306753458096011,0.4536820935785238,0.45105492156072136,False
137,824.0240185877072,856.6327555320648,137,0,live_only,22,10.42973115146466,0.0,S7,25,17.0,0.68,1,0.29894220191249893,0.46633766449429165,2.039999999999999,11817,0.3441360636317482,2.274687199230029,0.5729710841211519,0.5562976174241366,False
138,826.828857536116,38.15939053010548,138,0,live_only,28,19.41548411847222,0.0,S7,47,101.0,2.148936170212766,5,0.4177183675814391,0.39717618441359837,1.446808510638298,6666,0.000599970001499925,5.144461764166513,0.0020055698246015533,0.002103052742099737,True
139,832.1809488711275,63.2976652773021,139,0,live_only,96,175.56222158250395,0.0,S7,129,473.0,3.6666666666666665,24,0.35890753261435226,0.22891954712078655,0.922480620155039,7433,0.00013451708366962604,10.216187551032862,0.0005451155628181591,0.0006120760959470637,True
140,842.6718524015401,12.694372507313007,140,0,live_only,92,109.07936261401171,0.0,S7,126,238.0,1.8888888888888888,13,0.3961620469083156,0.22838686426408825,1.079365079365079,3685,0.00027129679869777537,4.767970338476259,0.000933347341939031,0.0009927674062237275,True
141,841.9039340051585,74.41005927247136,141,153,double_positive,77,157.55567744185444,13.943511468489415,S7,108,372.0,3.4444444444444446,19,0.34102936964328995,0.23053580679846059,0.9444444444444449,8405,0.00011896264572924102,10.100140196274785,0.0005396503631509923,0.0006112065547773226,True
142,848.9387557811222,624.733015227983,142,154,double_positive,55,23.640136745518845,10.78489870110663,S7,81,68.0,0.8395061728395061,4,0.34638276774427007,0.2746843123699123,1.0493827160493827,10508,0.08935198401370253,2.42363723318737,0.19314920544295364,0.1996926891044493,False
143,855.9226658420505,86.68738807202179,143,0,live_only,109,216.3136871579578,0.0,S7,144,973.0,6.756944444444445,38,0.35642892398815396,0.20655747194565424,0.9444444444444444,8104,0.00012338062924120913,18.957340411209206,0.0005396503631509923,0.0006112065547773226,True
144,865.2252392673804,480.07004291195705,144,0,live_only,89,87.88553789496544,0.0,S7,103,321.0,3.116504854368932,17,0.37411312093599225,0.2614048573950503,1.1553398058252426,10059,9.940357852882704e-05,8.330381053120403,0.0005396503631509923,0.0006112065547773226,True
145,860.1818360557819,471.2067791976346,145,157,double_positive,109,58.403850509990185,6.778028525934486,S7,139,490.0,3.5251798561151078,26,0.3799257820779771,0.23228628731886838,1.0935251798561154,9232,0.00010830715910321672,9.278601301639458,0.0005396503631509923,0.0006112065547773226,True
146,857.6817219132419,917.1126218210596,146,156,double_positive,33,35.65098423297178,34.64889970465991,S7,54,51.0,0.9444444444444444,3,0.30406340171548285,0.3027953631387812,1.259259259259259,11244,0.06865273454868831,3.106077348066298,0.1537868682377353,0.1609954972162902,False
147,860.7864652906802,185.04763939891177,147,0,live_only,93,36.473517653169615,0.0,S7,131,221.0,1.6870229007633588,13,0.40219596786790307,0.22269564041753404,1.0381679389312974,9823,0.00010179153094462541,4.194529621235396,0.0005396503631509923,0.0006112065547773226,True
148,863.5459186088938,753.0579954281927,148,0,live_only,102,114.6746021715533,0.0,S7,139,389.0,2.7985611510791366,20,0.3107422553214888,0.22055466141710517,1.1007194244604315,9551,0.00010469011725293132,9.006052775744294,0.0005396503631509923,0.0006112065547773226,True
149,864.4771297009438,49.68660445410409,149,0,live_only,39,10.835837654296691,0.0,S7,69,102.0,1.4782608695652173,6,0.34020599239239746,0.2743770358749064,0.9855072463768118,6961,0.002010916403332376,4.345193508114855,0.006376915831594356,0.006763991538481629,True
150,867.4654658791036,149.60022691179674,150,0,live_only,113,31.145605631796577,0.0,S7,155,153.0,0.9870967741935484,9,0.3654430516923744,0.19947611094803672,0.8774193548387097,8930,0.005934385847049603,2.701096024735681,0.01761310911436525,0.018763766754887733,True
151,884.3879992884772,8.999030123319457,151,0,live_only,96,225.01532108555816,0.0,S7,126,674.0,5.349206349206349,28,0.40970350404312667,0.2318327212924426,1.214285714285714,4187,0.0002387774594078319,13.056286549707602,0.0008302797985307184,0.0008934033031776182,True
152,875.2253660230142,5.423814980317736,152,0,live_only,55,138.32108775420917,0.0,S7,77,203.0,2.6363636363636362,10,0.40534355512329084,0.30324738103443427,1.3246753246753247,4313,0.0002318034306907742,6.504022582921665,0.0008081963699084251,0.0008771652547730434,True
153,879.0188751466217,139.40463190649675,153,0,live_only,94,61.537686119578446,0.0,S7,126,502.0,3.984126984126984,21,0.36100173060333757,0.2243398891550261,0.9444444444444444,8961,0.0001115822361080116,11.036309929784446,0.0005396503631509923,0.0006112065547773226,True
154,882.433852464772,99.31694019273507,154,0,live_only,99,229.17375054497643,0.0,S7,133,722.0,5.428571428571429,30,0.3495046371093022,0.20505799027425092,0.8947368421052632,7744,0.0001291155584247902,15.532187136257441,0.0005396503631509923,0.0006120760959470637,True
155,883.830243826883,460.16632560808137,155,164,double_positive,92,172.4008100985398,26.606291283082943,S7,126,556.0,4.412698412698413,28,0.36430831405705777,0.22950704214838064,0.9444444444444444,10149,9.852216748768474e-05,12.112538315574369,0.0005396503631509923,0.0006112065547773226,True
156,885.2647357355315,988.3230965956208,156,0,live_only,100,233.30017344485609,0.0,S7,134,622.0,4.641791044776119,29,0.2857577252985996,0.19572923701318803,0.8880597014925374,7289,0.00013717421124828533,16.243798973153666,0.0005451155628181591,0.0006120760959470637,True
157,885.7665383952466,612.7998993768556,157,0,live_only,100,58.72784416166651,0.0,S7,136,220.0,1.6176470588235294,11,0.3278225806451613,0.20584353858030133,0.8750000000000001,10540,9.48676596148373e-05,4.934519933434629,0.0005396503631509923,0.0006112065547773226,True
158,891.6043550396247,708.6494820044758,158,0,live_only,86,39.89356373090745,0.0,S7,118,271.0,2.2966101694915255,15,0.3628058742458677,0.23822863375048123,1.152542372881356,9285,0.00010768899418479432,6.330135018528256,0.0005396503631509923,0.0006112065547773226,True
159,894.19109560286,316.1557723814674,159,167,double_positive,107,129.44178985970822,4.742841826705463,S7,142,253.0,1.7816901408450705,12,0.4017516510474257,0.20996524334057323,0.9577464788732394,11655,8.579272477693891e-05,4.4348047760350005,0.0005396503631509923,0.0006112065547773226,True
160,898.0434939278882,747.1038015772642,160,0,live_only,104,40.22098489288314,0.0,S7,139,303.0,2.179856115107914,14,0.3508246971837214,0.20922385135314422,1.1007194244604315,8867,0.00011276499774470004,6.213519551522216,0.0005396503631509923,0.0006112065547773226,True
161,897.4822250896809,154.67520586119485,161,169,double_positive,44,44.81958733990361,76.30390858921609,S7,67,118.0,1.7611940298507462,6,0.4097180225291694,0.3315517365927179,1.2686567164179108,9255,0.00216076058772688,4.298551523262222,0.006818750565162442,0.007195332757130511,True
162,897.2614796138067,559.177181196316,162,168,double_positive,43,14.686913879377602,14.971142659987247,S7,67,68.0,1.0149253731343284,4,0.36262610928228234,0.3104953580364364,1.2686567164179103,11208,0.055669551253457045,2.7988204576418707,0.1284758149034409,0.13731822642519403,False
163,906.2964398232342,986.3727138613403,163,0,live_only,152,42.56828638522525,0.0,S7,199,355.0,1.7839195979899498,19,0.2946013675159196,0.1480343537566129,0.6834170854271356,7253,0.00013785497656465398,6.05536767541838,0.0005451155628181591,0.0006120760959470637,True
164,909.1818110992864,14.183672602179024,164,0,live_only,38,17.636335333400304,0.0,S7,63,204.0,3.238095238095238,12,0.4217940435019447,0.3536513545651018,1.6190476190476186,5012,0.00019948134849391582,7.676958193176355,0.0007049790435874901,0.0007724103377729532,True
165,910.644123150474,42.41864766757431,165,0,live_only,95,234.60551454174467,0.0,S7,128,522.0,4.078125,25,0.3842871021465581,0.23720770417867265,1.0625,6755,0.00014801657785671994,10.612182863334036,0.0005782454863860415,0.0006391493363787297,True
166,909.0681687904932,215.61340196135583,166,0,live_only,31,10.304093655042672,0.0,S7,61,0.0,0.0,0,0.4171878838582024,0.3297209678153697,1.3934426229508192,9876,1.0,0.0,1.0,1.0,False
167,916.8383037888842,230.14178849148533,167,172,double_positive,36,20.34361577061801,21.32160598425435,S7,57,0.0,0.0,0,0.40322399115985924,0.34176192747902856,1.192982456140351,10288,1.0,0.0,1.0,1.0,False
168,921.7991436789524,717.3054120697434,168,0,live_only,108,14.899396984874976,0.0,S7,160,136.0,0.85,8,0.3833441774603559,0.22232446386813512,1.1624999999999996,8261,0.04224158799322198,2.217328578279773,0.10221518587165841,0.11075943938380252,False
169,927.4555070040926,712.2455141491808,169,0,live_only,26,11.312617263241748,0.0,S7,43,0.0,0.0,0,0.3689202449304032,0.41166095489908106,1.581395348837209,10357,1.0,0.0,1.0,1.0,False
170,921.3570932346246,783.4805869583957,170,0,live_only,72,38.83187532077956,0.0,S7,106,51.0,0.4811320754716981,3,0.36360194358553666,0.2699339642703213,1.2830188679245282,9867,0.3561005269558168,1.3232384588684487,0.5876111748876519,0.5673754807477847,False
171,926.8756940570314,145.12965124670345,171,0,live_only,87,100.97453901686562,0.0,S7,119,203.0,1.7058823529411764,11,0.4172888278817503,0.24027857612695452,1.0000000000000004,9036,0.00011065619121389841,4.088013478818999,0.0005396503631509923,0.0006112065547773226,True
172,931.454312223519,100.84052227294804,172,174,double_positive,62,49.59773750848407,5.048218731744863,S7,92,136.0,1.4782608695652173,8,0.391609345321636,0.27364795696467487,1.1086956521739133,8767,0.0036496350364963502,3.77483552735723,0.011164095854565487,0.011914984972091026,True
173,934.549846064436,437.0898811465146,173,0,live_only,34,13.454326402370224,0.0,S7,61,17.0,0.2786885245901639,1,0.3471474772578821,0.31000119265999604,1.1147540983606556,10290,0.7093576911864736,0.8027957650492654,0.896722149579782,0.8748744857966508,False
174,938.098200320026,815.3731037263168,174,177,double_positive,43,14.526750921438392,14.946466178064728,S7,67,0.0,0.0,0,0.32452244044930456,0.307957170753857,1.2686567164179106,10541,1.0,0.0,1.0,1.0,False
175,940.2189492818724,688.3422846498147,175,0,live_only,86,125.94419773970178,0.0,S7,117,254.0,2.1709401709401708,14,0.34664789289066744,0.23199918165804911,1.1623931623931623,9688,0.00010320982557539478,6.262666571652533,0.0005396503631509923,0.0006112065547773226,True
176,941.8230199406418,179.43461887013802,176,0,live_only,88,54.23823233196505,0.0,S7,121,254.0,2.0991735537190084,12,0.4529117928451579,0.23101012268851834,1.0909090909090908,8595,0.00011633317822242904,4.634839690378026,0.0005396503631509923,0.0006112065547773226,True
177,942.5301278254078,56.61422723006265,177,0,live_only,80,77.72345984299514,0.0,S7,111,322.0,2.900900900900901,18,0.3811056768292816,0.24549788297565597,1.072072072072072,8278,0.00012078753472641623,7.611801863031223,0.0005396503631509923,0.0006112065547773226,True
178,942.5700365748864,252.17212183152432,178,179,double_positive,29,22.735103276165177,47.2653551765188,S7,49,0.0,0.0,0,0.39401816228883896,0.36735305871710555,1.3877551020408163,10450,1.0,0.0,1.0,1.0,False
179,945.9642691385426,517.6955047038784,179,0,live_only,22,11.651090231321984,0.0,S7,40,34.0,0.85,2,0.37029776340609,0.44787547836128183,1.7,11133,0.20576612178911444,2.29544999727109,0.3790890056256838,0.38279395841215147,False
180,950.2691051734384,695.1113391479361,180,0,live_only,111,44.28561582281523,0.0,S7,121,102.0,0.8429752066115702,6,0.3502155756701211,0.24013458552341185,1.1239669421487606,9450,0.04295841709871971,2.4070180345308074,0.10375617686599528,0.111759006983388,False
181,946.9257057896316,865.6992818677618,181,183,double_positive,43,42.87029812038257,65.49373569225185,S7,66,34.0,0.5151515151515151,2,0.28950921040764793,0.27431464734089567,1.0303030303030303,10752,0.2909885613317214,1.779395945386843,0.5018778777223971,0.4969189278126319,False
182,956.0378606512646,468.1562412729655,182,0,live_only,104,62.00762516876345,0.0,S7,139,203.0,1.460431654676259,10,0.33718944449662847,0.23588338044393167,1.1007194244604315,9727,0.0006167763157894736,4.331190310113227,0.002056449567040996,0.0021394428453947365,True
183,956.706628050962,135.56455122354492,183,188,double_positive,62,24.534280843277852,57.637411597373855,S7,89,34.0,0.38202247191011235,2,0.4217342071174632,0.2939761963678516,1.337078651685393,9099,0.6462637362637362,0.905837054388405,0.8435125014835366,0.8182730957255672,False
184,969.2764419716792,471.9064518219411,184,0,live_only,111,79.5769710964042,0.0,S7,146,388.0,2.6575342465753424,19,0.3439782079517793,0.24072149475145652,1.152191780821913,8627,0.0001159017153453871,7.725879678249529,0.0005396503631509923,0.0006112065547773226,True
185,969.9099115413164,354.30544381114737,185,192,double_positive,34,19.400149180835065,41.110645685579925,S7,56,51.0,0.9107142857142857,3,0.39331579657358695,0.3824885113882665,1.5178571428571426,10590,0.13275422528561986,2.315478538233327,0.2669491941014713,0.2745786150317479,False
186,974.3958154593907,227.2933826500117,186,0,live_only,74,43.53207425963252,0.0,S7,104,202.0,1.9423076923076923,10,0.4155149315535636,0.27095001166852967,1.144230769230769,7895,0.00012664640324214793,4.674459435297842,0.0005396503631509923,0.0006112065547773226,True
187,975.3721253701036,81.54830120367383,187,196,double_positive,32,29.17576995814297,41.98160146986964,S7,52,68.0,1.3076923076923077,4,0.43509822256057196,0.4300564880722503,1.9615384615384612,9296,0.061417661611272455,3.0055105718347495,0.14024420265813445,0.14928526508433376,False
188,975.1707014415944,342.9615856652758,188,194,double_positive,42,18.93015366368407,44.325250668081054,S7,64,0.0,0.0,0,0.39905836615167123,0.3633843371387845,1.5937499999999998,9903,1.0,0.0,1.0,1.0,False
189,986.3225838616324,78.924108476314,189,203,double_positive,38,36.38749346118368,60.229617873780384,S7,59,34.0,0.576271186440678,2,0.430733553033077,0.40043102538704134,1.728813559322034,8193,0.41579204295826216,1.3378832050179867,0.6497376864058627,0.6410127328939874,False
190,995.0119851015812,991.53440084125,190,0,live_only,96,86.71990667924422,0.0,S7,130,271.0,2.0846153846153848,15,0.26106666259504685,0.1744515018405736,0.7168461538461648,5038,0.00019845207382417147,7.984992660089016,0.000703257758879646,0.0007724103377729532,True
191,995.5096243046994,164.5587280416576,191,0,live_only,69,18.07654746268478,0.0,S7,98,136.0,1.3877551020408163,8,0.4674585794642474,0.29498339226098536,1.387755102040816,6654,0.01111945905334335,2.9687231404145313,0.03142034508101596,0.03335837716003005,True
192,996.0566266999936,435.3461712980335,192,0,live_only,96,74.74649972503602,0.0,S7,130,374.0,2.876923076923077,22,0.31026608465485617,0.20732912850585894,0.9153846153846155,6626,0.0001508978421608571,9.272438140067425,0.0005801302050136311,0.0006391493363787297,True
193,1000.6813297463676,724.5844600261256,193,0,live_only,92,86.304145713224,0.0,S7,110,435.0,3.9545454545454546,17,0.40857807462625656,0.25805627159246436,1.227272727272727,6683,0.00014961101137043686,9.678799965374653,0.0005801302050136311,0.0006391493363787297,True
194,1002.4352801433356,849.5941204497148,194,0,live_only,126,41.65238112656699,0.0,S7,165,490.0,2.9696969696969697,25,0.2945667376102159,0.18291070317879032,0.8242424242424242,5980,0.00016719612104999163,10.081576059095333,0.0006231418649478137,0.0006790873718299059,True
195,1008.135675509853,147.35275741337497,195,207,double_positive,75,162.1162142443683,8.590609501893884,S7,105,305.0,2.9047619047619047,17,0.4673746793565555,0.30001102600552015,1.457142857142857,5959,0.00016778523489932885,6.215060492282019,0.0006235457010442107,0.0006790873718299059,True
196,1013.5699304743669,577.2261608900911,196,212,double_positive,43,29.69741112267661,59.74735005616467,S7,66,17.0,0.25757575757575757,1,0.4071151310117941,0.3796544722715335,1.7878787878787876,6503,0.7709102091020911,0.6326852969959882,0.9604904334345937,0.9335021804763504,False
197,196.88628243336996,106.89170597563812,0,3,dead_only,34,0.0,45.3761605568434,S7,54,0.0,0.0,0,0.20296622584468682,0.2507814355983096,0.9444444444444444,11124,1.0,0.0,1.0,1.0,False
198,196.47378695758445,692.5541583886946,0,4,dead_only,20,0.0,4.454259524986782,S7,36,0.0,0.0,0,0.14705063207484825,0.2684527929399684,0.9444444444444444,11769,1.0,0.0,1.0,1.0,False
199,201.98840577156645,84.34788694795304,0,5,dead_only,34,0.0,44.72578824193577,S7,54,34.0,0.6296296296296297,2,0.22989715394778687,0.27585938531596155,1.2407407407407405,11297,0.15657638520092051,2.738744777034639,0.30401133473891306,0.3122151872569253,False
200,213.82268813697655,635.9551232392329,0,7,dead_only,25,0.0,4.181588067413585,S7,44,17.0,0.38636363636363635,1,0.19372950945246192,0.2847830004734655,1.1590909090909087,11868,0.3808239952818266,1.9943458147166977,0.613576052025502,0.5981810869285296,False
201,223.0972196606156,675.2623423083783,0,8,dead_only,15,0.0,6.129335758526514,S7,30,17.0,0.5666666666666667,1,0.19661041521688702,0.33764217078141545,1.1333333333333333,11496,0.2904235887622858,2.882180305868126,0.5015704322565708,0.4969189278126319,False
202,228.42195319221156,705.4294981544253,0,9,dead_only,28,0.0,10.313308460469877,S7,46,17.0,0.3695652173913043,1,0.16037045252883764,0.26809402968205465,1.1086956521739129,11760,0.3292237054672222,2.3044470571962097,0.5559883246088675,0.5454303180128607,False
203,236.5842969190612,252.12613013524867,0,10,dead_only,17,0.0,5.177456866337497,S7,32,0.0,0.0,0,0.2324302349979018,0.35527254402980324,1.5937499999999991,11915,1.0,0.0,1.0,1.0,False
204,251.7774440384304,326.2670888730363,0,11,dead_only,32,0.0,14.614607582484965,S7,53,0.0,0.0,0,0.2258927770759358,0.2709393031228763,0.9622641509433962,11993,1.0,0.0,1.0,1.0,False
205,256.2686117495567,511.0792973117688,0,12,dead_only,13,0.0,4.861378029824112,S7,28,0.0,0.0,0,0.18465976261408237,0.32801542314462434,1.214285714285714,12084,1.0,0.0,1.0,1.0,False
206,286.53763465756253,671.8712285482508,0,16,dead_only,24,0.0,8.312921249705623,S7,41,17.0,0.4146341463414634,1,0.20551298670022844,0.3088916667487262,1.2439024390243898,11647,0.3788633241758242,2.017556909657829,0.6111762829055273,0.5979217391021301,False
207,311.7074257405106,146.13315801730093,0,17,dead_only,20,0.0,10.976092758924857,S7,37,34.0,0.918918918918919,2,0.3042340216143318,0.36853230103679413,1.378378378378378,11864,0.1438685208596713,3.0204344472815223,0.28229572096065614,0.2903528330077003,False
208,315.1134813149628,31.28096294998922,0,18,dead_only,16,0.0,8.170679663597078,S7,30,0.0,0.0,0,0.2678931943992185,0.39112410201881703,1.6999999999999997,9213,1.0,0.0,1.0,1.0,False
209,320.51605848065753,307.5236307511692,0,21,dead_only,33,0.0,15.757828160950291,S7,55,51.0,0.9272727272727272,3,0.29889543567102694,0.29346667497443746,1.236363636363636,11078,0.06534885820019858,3.1023315066386985,0.14740429406201314,0.15543692700475806,False
210,321.5300998598728,643.5466992161279,0,22,dead_only,16,0.0,8.23936955939298,S7,32,0.0,0.0,0,0.23380634021075003,0.3527880962749121,1.5937499999999991,11293,1.0,0.0,1.0,1.0,False
211,330.5321324610347,471.60148227025536,0,24,dead_only,16,0.0,4.573787481022361,S7,30,0.0,0.0,0,0.23458880868653217,0.35683633265307263,1.1333333333333335,10806,1.0,0.0,1.0,1.0,False
212,339.0032581551192,754.1309789489989,0,25,dead_only,19,0.0,6.2631204308557376,S7,35,17.0,0.4857142857142857,1,0.16791988583239015,0.297486582097122,0.9714285714285714,11612,0.2855420649272367,2.8925358262755325,0.4944566865295407,0.4926710239418126,False
213,343.60323023389185,897.6763161243219,0,26,dead_only,19,0.0,6.258123787900519,S7,35,68.0,1.9428571428571428,4,0.13329933453572984,0.24960460511948018,0.971428571428571,11485,8.706251088281386e-05,14.575145101991302,0.0005396503631509923,0.0006112065547773226,True
214,355.3726323422121,637.8583430539425,0,30,dead_only,26,0.0,19.554533316392163,S7,44,34.0,0.7727272727272727,1,0.2297061564563536,0.30084989201008144,1.1590909090909087,11413,0.12055370597511827,3.3639815521187324,0.24818755023766415,0.254078380314648,False
215,359.1642763827461,286.947526403891,0,31,dead_only,36,0.0,7.0824631631913695,S7,58,34.0,0.5862068965517241,2,0.3227041019895495,0.30927458734784585,1.1724137931034482,10803,0.29646427249166973,1.8165461577265847,0.5092902800287359,0.5011299631458174,False
216,360.8906350896854,622.7621096789508,0,32,dead_only,34,0.0,7.091254607828575,S7,55,0.0,0.0,0,0.21900094948422086,0.26402954015452673,0.9272727272727272,11298,1.0,0.0,1.0,1.0,False
217,388.46329298301697,867.7043766550973,0,34,dead_only,16,0.0,4.627781073066485,S7,31,0.0,0.0,0,0.1423623696186219,0.28261387263357673,1.0967741935483868,11214,1.0,0.0,1.0,1.0,False
218,397.0522574419497,72.91226691744606,0,36,dead_only,24,0.0,7.249204925437095,S7,43,17.0,0.3953488372093023,1,0.3448261258863103,0.3715293992029516,1.55813953488372,11532,0.5774733373796931,1.1465164833236836,0.7859212157203168,0.7817017127944627,False
219,398.7844723701473,345.28963984949104,0,38,dead_only,35,0.0,32.749468186038975,S7,56,17.0,0.30357142857142855,1,0.35788868478013214,0.325292478761762,1.2142857142857142,10032,0.694009767766371,0.8482286294072884,0.8816167177208455,0.862333032336573,False
220,406.6449532443384,306.22658131668163,0,39,dead_only,22,0.0,4.240544615658309,S7,40,51.0,1.275,3,0.3444907362023331,0.3894244281408153,1.6999999999999993,10201,0.05293079788276808,3.701115490232346,0.12347346196753634,0.13153698279822218,False
221,411.0205881449282,728.472163288939,0,41,dead_only,35,0.0,9.573847178647178,S7,56,17.0,0.30357142857142855,1,0.19487081352563587,0.25584041473857405,1.0569642857140997,10638,0.4663972177836263,1.5578085967783615,0.6983748397511838,0.6915822365306316,False
222,411.3411743441117,523.2802819949362,0,42,dead_only,34,0.0,9.365011700709516,S7,55,0.0,0.0,0,0.2162181213967423,0.25351597171883666,0.9272727272727272,10833,1.0,0.0,1.0,1.0,False
223,417.00831082674506,668.7752914388242,0,43,dead_only,25,0.0,6.108767664089409,S7,44,17.0,0.38636363636363635,1,0.2189969913807123,0.29886719141203627,1.1590909090909092,11180,0.42715320633217063,1.7642417547735523,0.6596004094767814,0.6503348911087444,False
224,417.90734404580905,546.1131601480196,0,45,dead_only,22,0.0,18.84893384698576,S7,39,51.0,1.3076923076923077,3,0.2223400091694902,0.31231486005525433,1.307692307692307,11465,0.015349729635443921,5.881497948016416,0.0420012644244109,0.045234159014184296,True
225,419.365982848938,999.8273203449088,0,46,dead_only,15,0.0,4.077686930450058,S7,31,0.0,0.0,0,0.14747437617071862,0.3048616402227325,1.096774193548387,8249,1.0,0.0,1.0,1.0,False
226,435.6572802882149,569.9872334168213,0,48,dead_only,24,0.0,7.060980203931376,S7,41,0.0,0.0,0,0.25824821695870387,0.3328809315023578,1.2439024390243898,11080,1.0,0.0,1.0,1.0,False
227,453.3513700199516,464.9261756921057,0,53,dead_only,26,0.0,6.555778465080156,S7,44,17.0,0.38636363636363635,1,0.25461566106964656,0.3142785782864768,1.1590909090909092,10877,0.4785806214377643,1.5174386160714284,0.7093932182911775,0.7020587970871168,False
228,457.3860253621834,441.43502915574845,0,55,dead_only,34,0.0,11.405735208070126,S7,54,17.0,0.3148148148148148,1,0.2998183570207865,0.31179760171045817,1.2592592592592593,11031,0.6051486584481508,1.0500184776644232,0.8099874200281234,0.796500012898159,False
229,462.175300754016,479.347298677802,0,56,dead_only,34,0.0,20.86934236091104,S7,55,50.0,0.9090909090909091,2,0.28226969985295386,0.29404613011887654,1.236363636363636,10510,0.06459899153268005,3.2206464582082055,0.1462214520381955,0.15475873511066512,False
230,474.0702865416601,51.65450780075682,0,58,dead_only,25,0.0,5.619619849916598,S7,43,0.0,0.0,0,0.3837092274276299,0.3946097625892569,1.5813953488372092,9936,1.0,0.0,1.0,1.0,False
231,474.8376998981237,745.1731998783465,0,59,dead_only,12,0.0,4.060086033313836,S7,27,0.0,0.0,0,0.2367651154028863,0.3911744408689709,1.2592592592592593,11305,1.0,0.0,1.0,1.0,False
232,482.7697506590209,853.8000380200574,0,61,dead_only,24,0.0,12.58018062929041,S7,41,34.0,0.8292682926829268,2,0.22582874935132327,0.294833394687234,1.2439024390243898,11750,0.09667262360650157,3.6721112571580896,0.20588570249200744,0.21040512196709166,False
233,485.9337684600892,564.1759092273982,0,62,dead_only,21,0.0,6.511385757469183,S7,38,17.0,0.4473684210526316,1,0.27145891125467214,0.3546099264791501,1.3421052631578947,11251,0.45280838961962316,1.6480152336311702,0.6876961139773433,0.6822859445399752,False
234,493.2240839580566,703.3427056691446,0,64,dead_only,26,0.0,4.190489578494983,S7,48,17.0,0.3541666666666667,1,0.22837353373533734,0.2705824393684728,1.0624999999999998,11111,0.4966702663786897,1.5508218525755761,0.7270186534265266,0.7222323087515445,False
235,510.9143848298696,468.7490636844746,0,65,dead_only,24,0.0,7.2188846650789875,S7,42,34.0,0.8095238095238095,2,0.26792451228775976,0.3226404767992294,1.214285714285714,11221,0.14302263411156657,3.0214622865650838,0.2814876425534171,0.2903528330077003,False
236,510.8423672563105,910.9062916591586,0,66,dead_only,31,0.0,13.473404347347088,S7,52,17.0,0.3269230769230769,1,0.19953379953379952,0.2510822920297747,0.9807692307692307,10560,0.4672852949531294,1.6384345794392525,0.6983748397511838,0.6915822365306316,False
237,517.7746033267562,487.6669764809264,0,68,dead_only,34,0.0,30.454055123856595,S7,54,0.0,0.0,0,0.2906105272825074,0.29787809028494144,1.259259259259259,11292,1.0,0.0,1.0,1.0,False
238,529.525773668148,652.5090443299214,0,73,dead_only,42,0.0,30.090328950308912,S7,64,51.0,0.796875,3,0.278234158083296,0.28244740548902814,1.0625,11165,0.09134873723804406,2.8640444634459175,0.19700650696982458,0.20149593690468523,False
239,534.9118999233543,198.58427393665195,0,74,dead_only,27,0.0,10.389246094779512,S7,46,17.0,0.3695652173913043,1,0.35652058575893764,0.3725594714283034,1.4782608695652169,11309,0.6078691423519009,1.0365887192869891,0.8127899769385727,0.796930804736941,False
240,541.2803570544027,203.7241460758238,0,77,dead_only,12,0.0,6.185725006977674,S7,25,51.0,2.04,3,0.363732116211709,0.5081197189025382,2.0399999999999987,11393,0.018167456556082148,5.608523166023166,0.0486842792422284,0.05306809678223996,True
241,542.8001334698926,833.5281869820586,0,78,dead_only,30,0.0,17.611647373775686,S7,50,0.0,0.0,0,0.22276406035665297,0.27659442248804705,1.02,11664,1.0,0.0,1.0,1.0,False
242,558.6845487572324,788.1768007707842,0,80,dead_only,22,0.0,8.017564332174002,S7,40,17.0,0.425,1,0.21596685328356885,0.3034210718446262,1.2749999999999995,11253,0.39816953971921093,1.9678945798315002,0.6313274975743478,0.6166997987278942,False
243,561.4674656192145,751.9018114731898,0,82,dead_only,32,0.0,25.79282594960181,S7,51,0.0,0.0,0,0.21870711200702006,0.25987235520490765,1.0,10301,1.0,0.0,1.0,1.0,False
244,578.4907393100426,545.3461156682844,0,83,dead_only,26,0.0,9.630209496811178,S7,44,0.0,0.0,0,0.27010124721392326,0.328188833507724,1.1590909090909094,11502,1.0,0.0,1.0,1.0,False
245,577.5764576199988,915.152143953697,0,84,dead_only,24,0.0,4.618782488028686,S7,44,0.0,0.0,0,0.21245821328112308,0.2859508091652768,1.1590909090909087,10633,1.0,0.0,1.0,1.0,False
246,580.6421410747207,697.3471283654984,0,85,dead_only,28,0.0,5.569235540181848,S7,48,17.0,0.3541666666666667,1,0.26139462105719774,0.2836081204153138,1.0625,10758,0.5468909749976764,1.354911838790932,0.7676597343852665,0.7651877927488497,False
247,582.387029974406,988.590022804695,0,86,dead_only,13,0.0,4.103936655011261,S7,26,0.0,0.0,0,0.23802225806164182,0.40466326376077283,1.307692307692308,8633,1.0,0.0,1.0,1.0,False
248,584.7476091330736,70.65815605266054,0,87,dead_only,21,0.0,7.141563696231895,S7,38,51.0,1.3421052631578947,3,0.40057108135179653,0.4463790682921845,1.7894736842105257,11087,0.07332251082251082,3.3504796667515984,0.16228548897064254,0.17074402869857414,False
249,588.991773721305,885.0116711558677,0,88,dead_only,19,0.0,6.555211427399017,S7,35,17.0,0.4857142857142857,1,0.21553362213251945,0.3324995265674401,1.4571428571428566,11608,0.35067619950038764,2.2535430013589592,0.5828776123626549,0.5633522840053462,False
250,596.0286234119652,715.5849856776533,0,89,dead_only,27,0.0,8.21725711424041,S7,46,0.0,0.0,0,0.25293898115320024,0.29835835205004513,1.108695652173913,10485,1.0,0.0,1.0,1.0,False
251,600.2802849266042,582.9079539172409,0,90,dead_only,35,0.0,6.956748735980941,S7,57,51.0,0.8947368421052632,3,0.31177206440089067,0.3138892185155228,1.1929824561403508,11472,0.07957813998082454,2.8698428893063683,0.17434602627555645,0.18275531457665223,False
252,601.9401753924425,782.8515599883766,0,91,dead_only,30,0.0,18.47919876744824,S7,49,34.0,0.6938775510204082,2,0.2255322561244537,0.2739159428031469,1.0408163265306123,11198,0.13456558621305473,3.0766222222222224,0.2685101004897415,0.2766070383268347,False
253,614.4334720106599,209.1148034266801,0,92,dead_only,17,0.0,6.702166632988606,S7,32,51.0,1.59375,3,0.35105481408835065,0.4529471316721655,1.59375,11726,0.03393877376993264,4.539889316541029,0.08530734414651674,0.09188302166981763,False
254,622.5240223352084,368.1762019642952,0,93,dead_only,68,0.0,17.916248916905896,S7,99,34.0,0.3434343434343434,2,0.327410957189278,0.23760868057464446,1.03030303030303,11458,0.5606946504930622,1.0489396762485326,0.7777764296144403,0.7756080786777011,False
255,630.4362454699097,227.7173383440177,0,94,dead_only,30,0.0,33.88289773321108,S7,49,0.0,0.0,0,0.3649098799633912,0.3857847687458969,1.653061224489796,11573,1.0,0.0,1.0,1.0,False
256,636.4862875399626,665.5163397461318,0,95,dead_only,18,0.0,7.117336143630231,S7,34,0.0,0.0,0,0.26426575317767964,0.3529861976483256,1.4999999999999993,11093,1.0,0.0,1.0,1.0,False
257,643.0423726930516,106.17156291180142,0,97,dead_only,31,0.0,9.773156418890022,S7,52,34.0,0.6538461538461539,2,0.3294262592358183,0.3497373489282252,1.3076923076923077,10817,0.260306895914217,1.9848027760838003,0.461226836066584,0.4586359594679062,False
258,661.156369274728,761.9532562364451,0,99,dead_only,29,0.0,10.314136877046725,S7,50,17.0,0.34,1,0.2399980559875583,0.2816346761150457,1.02,10288,0.5146272718437166,1.4166781418330567,0.7408119551401781,0.7323541945468275,False
259,678.6456102816724,82.39923418792202,0,103,dead_only,23,0.0,5.460863097690387,S7,43,17.0,0.3953488372093023,1,0.32056416668014764,0.3682401996253905,1.5581395348837204,10063,0.5415341812400636,1.2332907988551736,0.7645844317557183,0.7641139082751744,False
260,679.0856682859597,837.1018303361792,0,104,dead_only,33,0.0,8.053371727050294,S7,54,0.0,0.0,0,0.22836307810401074,0.2508359391239551,0.9444444444444444,11194,1.0,0.0,1.0,1.0,False
261,679.2174772787561,998.5767408380508,0,105,dead_only,27,0.0,7.446677407164119,S7,47,17.0,0.3617021276595745,1,0.25625408697625907,0.3391923877504207,1.0851063829787237,7874,0.4645079365079365,1.4114979859544046,0.697873658389275,0.6915822365306316,False
262,682.38729656552,674.9905370191457,0,106,dead_only,25,0.0,10.173724224566197,S7,43,17.0,0.3953488372093023,1,0.27916677252538874,0.3349661079251176,1.186046511627907,10069,0.5086395233366435,1.4161744022503517,0.736278417151369,0.730073108927165,False
263,682.209155303961,804.7906538783699,0,107,dead_only,32,0.0,12.640443414490862,S7,52,17.0,0.3269230769230769,1,0.2447908649473139,0.2689172838389401,0.9807692307692307,10994,0.5444292860391087,1.3355199222546164,0.7658620216840824,0.764957604434697,False
264,686.0180955239045,510.8358819640227,0,108,dead_only,33,0.0,7.652225409781151,S7,60,17.0,0.2833333333333333,1,0.2829573624194348,0.2865072323384124,1.1333333333333333,12102,0.6261257539453028,1.0013287193189948,0.8295047016006718,0.8081390545107977,False
265,693.0913820606003,63.06625869335977,0,109,dead_only,23,0.0,5.473152262601227,S7,41,51.0,1.2439024390243902,3,0.3316657497402042,0.3863262502297763,1.658536585365853,9975,0.04991980753809142,3.750469983707231,0.11729346082772567,0.12498718729461987,False
266,694.2569301003651,83.66115209195728,0,110,dead_only,31,0.0,14.50447092572852,S7,50,17.0,0.34,1,0.30142422014494274,0.3258578670757723,1.3599999999999997,9521,0.5804452846040747,1.1279783682827735,0.7891378764480974,0.7825436428063032,False
267,696.8465713605464,262.7436590583144,0,111,dead_only,33,0.0,9.021880279484751,S7,53,34.0,0.6415094339622641,2,0.36278879829455,0.3590242241286578,1.6037735849056596,10904,0.29500229252636406,1.7682724410951063,0.5074624259842949,0.5011299631458174,False
268,698.4296948081973,144.9022049870936,0,113,dead_only,23,0.0,7.9268791896725,S7,41,34.0,0.8292682926829268,2,0.3216478321638292,0.3541267437087344,1.2439024390243902,10226,0.18206707734428473,2.578187103280536,0.3445754575318921,0.3504528136164556,False
269,703.6120879594532,332.3407497644744,0,114,dead_only,29,0.0,17.830995242107303,S7,49,0.0,0.0,0,0.3592802867811354,0.35417194548492575,1.3877551020408163,10942,1.0,0.0,1.0,1.0,False
270,725.2740190458587,50.39422424488849,0,119,dead_only,20,0.0,10.532187067649197,S7,33,51.0,1.5454545454545454,3,0.3523535023027294,0.4410056401682445,1.5454545454545454,8863,0.036439530685920575,4.386091057289241,0.09054036647440418,0.09707490974729241,False
271,727.712690681942,885.9215039831535,0,120,dead_only,15,0.0,5.1237052824459965,S7,29,17.0,0.5862068965517241,1,0.2486169818316648,0.3704485802712879,1.1724137931034482,11625,0.35188370892826426,2.3578715027143113,0.5828776123626549,0.5633522840053462,False
272,729.471553285433,921.5747856286048,0,121,dead_only,32,0.0,31.740717679050395,S7,52,34.0,0.6538461538461539,2,0.2526415987414992,0.2831785328849011,0.9807692307692307,11051,0.18069127759681505,2.5880383796777813,0.3426265892442531,0.3498267176729036,False
273,732.4912486744274,285.5829743320311,0,122,dead_only,27,0.0,8.890219356763563,S7,46,17.0,0.3695652173913043,1,0.3657697109308267,0.3749504800517075,1.4782608695652173,11249,0.6350222222222223,1.0103767653445623,0.8370160794941284,0.815801049458524,False
274,733.1257869362465,746.7245716013417,0,123,dead_only,19,0.0,4.832104417631653,S7,35,34.0,0.9714285714285714,2,0.3196799751034116,0.38492802728686265,1.457142857142857,11017,0.13595933926302414,3.038753275410288,0.2704631995893897,0.2777574231569757,False
275,740.853263069786,656.8766553640373,0,124,dead_only,28,0.0,5.223358279623901,S7,48,17.0,0.3541666666666667,1,0.33312623422699733,0.3565459081968307,1.4166666666666667,9959,0.59929718875502,1.063160538792427,0.8054802630209957,0.7950835213363413,False
276,744.8880226888674,942.5723714587502,0,125,dead_only,13,0.0,4.366065767539448,S7,26,17.0,0.6538461538461539,1,0.2763620179242166,0.4345602814145035,1.307692307692308,11407,0.33914796633941097,2.3659045434581034,0.5675805320544722,0.5509086477610919,False
277,745.1350727260041,856.0758587865586,0,126,dead_only,14,0.0,5.3539203125949495,S7,28,17.0,0.6071428571428571,1,0.26815491699545896,0.3856199736623465,1.2142857142857142,11514,0.36917064698219715,2.264149633896658,0.5989167265246632,0.5853991687860555,False
278,745.8401257278813,977.3876096436736,0,127,dead_only,14,0.0,4.126583789886411,S7,29,17.0,0.5862068965517241,1,0.29850283361998475,0.42577850798312533,1.7586206896551722,9784,0.3944813490035769,1.9638235571927836,0.6293263341422377,0.6138424729822014,False
279,752.7621328439888,60.27608115520392,0,129,dead_only,32,0.0,5.133043970068,S7,52,17.0,0.3269230769230769,1,0.3514384465111619,0.3566800095513933,1.3076923076923077,9214,0.6447097124253934,0.9302427784112506,0.8429319526368299,0.8182730957255672,False
280,755.1673732016479,634.2762711290521,0,130,dead_only,17,0.0,7.063997188011246,S7,32,0.0,0.0,0,0.3386311134963599,0.4364784268692601,1.59375,10714,1.0,0.0,1.0,1.0,False
281,759.2958231373304,240.73119847497787,0,131,dead_only,18,0.0,4.6170712899278,S7,34,0.0,0.0,0,0.3638288860652266,0.42089012040152346,1.4999999999999996,11805,1.0,0.0,1.0,1.0,False
282,777.3626808440841,606.275586935854,0,134,dead_only,22,0.0,5.602003148996179,S7,39,0.0,0.0,0,0.33505114021401666,0.3943203424505097,1.7435897435897432,11389,1.0,0.0,1.0,1.0,False
283,789.1266463035876,266.42012346173465,0,138,dead_only,34,0.0,21.8424837816151,S7,55,34.0,0.6181818181818182,2,0.4243478260869565,0.3692826628111463,1.5454545454545452,11845,0.39371939895323316,1.4567809239940388,0.6288843108895854,0.6138424729822014,False
284,788.5313980067864,150.43858899806955,0,139,dead_only,14,0.0,4.7951599095966975,S7,28,0.0,0.0,0,0.3597613724081024,0.47703953608447763,1.8214285714285714,10734,1.0,0.0,1.0,1.0,False
285,789.190026106179,949.7342786070964,0,140,dead_only,30,0.0,14.320436819087949,S7,49,68.0,1.3877551020408163,4,0.24406463504817827,0.29137005555628426,1.0408163265306123,11094,0.004416403785488959,5.686014697569249,0.0134461871121577,0.014140985197767532,True
286,800.4849986247292,475.6229220700313,0,144,dead_only,27,0.0,8.689706974721316,S7,47,17.0,0.3617021276595745,1,0.38995219251469015,0.40149799804952474,1.4468085106382982,10334,0.6369617803580068,0.9275550557289111,0.8374178808554207,0.815801049458524,False
287,800.2521626326275,1008.3770985042736,0,145,dead_only,21,0.0,11.458100367216572,S7,38,17.0,0.4473684210526316,1,0.2503985976042406,0.3262076671263982,1.3421052631578945,6305,0.436092610212496,1.786625106262397,0.6677828989912719,0.6600856327307326,False
288,808.7731533859528,776.3148011827004,0,146,dead_only,30,0.0,31.007498949292085,S7,49,34.0,0.6938775510204082,2,0.30396392807344763,0.3186309986617395,1.3877551020408156,11270,0.21586372105403248,2.2827628114239418,0.3954452630043505,0.3993478839499601,False
289,815.0364084196611,53.23882435895383,0,148,dead_only,24,0.0,5.180571512519844,S7,41,51.0,1.2439024390243902,3,0.38397762217261594,0.4128900585169996,1.658536585365853,7987,0.08249874812218327,3.2395180531254963,0.1795316716685767,0.18675889328063242,False
290,825.3361902903905,427.0453404527116,0,150,dead_only,21,0.0,4.227777023517272,S7,37,17.0,0.4594594594594595,1,0.403133841464191,0.4413506232100661,1.8378378378378366,10613,0.571791972866026,1.1397193988743108,0.7836585884550089,0.7806191838276677,False
291,828.7192551978507,662.4168583024642,0,151,dead_only,24,0.0,4.663556001639889,S7,42,0.0,0.0,0,0.3248669764935677,0.3612518384535033,1.2142857142857144,10605,1.0,0.0,1.0,1.0,False
292,833.8836617540134,974.92587156744,0,152,dead_only,30,0.0,13.45258072761984,S7,50,0.0,0.0,0,0.29527513446421183,0.31144018684265207,1.3599999999999997,9668,1.0,0.0,1.0,1.0,False
293,848.2251205387834,964.2064235891044,0,155,dead_only,28,0.0,8.635938224201242,S7,48,17.0,0.3541666666666667,1,0.2993248812178803,0.3219517014560065,1.3958333333333328,10313,0.572231917781656,1.1832182651360237,0.7836585884550089,0.7806191838276677,False
294,859.3540968139824,1015.8996224070412,0,158,dead_only,17,0.0,7.292813767844193,S7,32,34.0,1.0625,2,0.26341302710843373,0.36284659183733425,1.5937499999999993,5312,0.08300395256916997,4.033589422905128,0.1803285200707093,0.18675889328063242,False
295,865.37027501882,438.1096245912568,0,159,dead_only,23,0.0,5.955537425268891,S7,40,17.0,0.425,1,0.3913714933408898,0.4217127665417103,1.6999999999999993,10587,0.5743294295428787,1.0859247728342323,0.7838759940977221,0.7806191838276677,False
296,867.2337334042996,812.3060888922753,0,160,dead_only,24,0.0,6.128194677229447,S7,42,68.0,1.619047619047619,4,0.3016106817660112,0.36140843054630584,1.2142857142857144,11202,0.009908060340980095,5.368004904758885,0.02818147864528768,0.029994400850421557,True
297,871.4583037593802,15.778921720190905,0,161,dead_only,32,0.0,12.299900143398858,S7,52,51.0,0.9807692307692307,3,0.39724799814991485,0.3654584589842648,1.6153846153846154,5322,0.11891790343791095,2.4689091835249592,0.24599126117858133,0.25222714550843534,False
298,870.3527687870173,575.9363134206245,0,162,dead_only,36,0.0,32.50824767617617,S7,57,0.0,0.0,0,0.365209322890152,0.33151810693553874,1.192982456140351,11269,1.0,0.0,1.0,1.0,False
299,879.8278142040632,906.5266364255934,0,163,dead_only,24,0.0,9.735132244507769,S7,42,17.0,0.40476190476190477,1,0.3279436051877398,0.3561833024364005,1.2142857142857142,11764,0.5613259668508287,1.2342424074108362,0.7778202767153043,0.7756080786777011,False
300,887.927042857501,654.8942291509611,0,165,dead_only,30,0.0,4.484238229372631,S7,51,34.0,0.6666666666666666,2,0.316078357845435,0.3270159637083518,1.333333333333333,10667,0.24184476940382452,2.109181632083372,0.43565648043994504,0.43768645767105196,False
301,890.8593026995076,868.9733657666608,0,166,dead_only,31,0.0,21.46814363776892,S7,51,17.0,0.3333333333333333,1,0.3160896546587896,0.337451705389314,1.333333333333333,11321,0.5949478890655361,1.0545531257362972,0.8021282870249483,0.7950835213363413,False
302,898.6565180462997,239.0467228360296,0,170,dead_only,30,0.0,19.949096419907647,S7,50,17.0,0.34,1,0.4225237573099415,0.37654434430235384,1.36,10944,0.7132023755139333,0.804688479920417,0.8989538202541997,0.8763704466647225,False
303,902.7113886889758,145.75921820337754,0,171,dead_only,34,0.0,25.58685360924306,S7,55,0.0,0.0,0,0.4091817408781695,0.36876795911168625,1.5454545454545452,9408,1.0,0.0,1.0,1.0,False
304,922.5409647872154,251.3262464796698,0,173,dead_only,17,0.0,4.52161643821157,S7,33,17.0,0.5151515151515151,1,0.38625433650728763,0.45231226546319575,1.9393939393939388,10674,0.5254332552693208,1.333710631729815,0.7521930817707606,0.7445501021475908,False
305,934.1556439968308,522.631212741451,0,175,dead_only,24,0.0,5.31077456717105,S7,45,34.0,0.7555555555555555,2,0.3870245156188217,0.42969141949631673,1.8888888888888882,11240,0.26287696824125967,1.9522162681283428,0.4632492225664589,0.46072647591757615,False
306,935.546091160917,954.0805881336512,0,176,dead_only,35,0.0,9.228365105608916,S7,56,17.0,0.30357142857142855,1,0.2847108378870674,0.30170842912987883,1.214285714285714,10980,0.5976687004826519,1.066244723328173,0.8041247972261406,0.7950835213363413,False
307,940.140655554814,276.3564383922912,0,178,dead_only,22,0.0,7.21783078111366,S7,39,17.0,0.4358974358974359,1,0.38178478401614047,0.4325417092508813,1.7435897435897432,10218,0.5707994911439476,1.1417360097803368,0.7836585884550089,0.7806191838276677,False
308,942.7650717623394,462.4610813694103,0,180,dead_only,38,0.0,13.212432688598556,S7,60,0.0,0.0,0,0.3338233404022877,0.3457986114069583,1.4166666666666667,10374,1.0,0.0,1.0,1.0,False
309,943.4184634667674,754.2528766134184,0,181,dead_only,30,0.0,17.117441142732183,S7,50,0.0,0.0,0,0.3883445167751628,0.4120811702949893,1.7,9985,1.0,0.0,1.0,1.0,False
310,945.244137241705,769.9998246942683,0,182,dead_only,29,0.0,21.824319496400967,S7,48,50.0,1.0416666666666667,2,0.3833165164883299,0.40022938028065197,1.7708333333333328,10654,0.10427029563585172,2.717510521617141,0.2199001194141458,0.22546758731648456,False
311,947.887917559172,973.0949879608072,0,184,dead_only,26,0.0,20.61673555994653,S7,44,17.0,0.38636363636363635,1,0.2712629652226968,0.33333315699443616,1.4545454545454544,9685,0.5015486268841627,1.4243139901034638,0.7299565707574016,0.7236926371930413,False
312,952.2235784105908,336.4442465143952,0,185,dead_only,43,0.0,8.907162985971288,S7,67,51.0,0.7611940298507462,3,0.39578721114667,0.34767067604039303,1.5223880597014925,10652,0.18642635877217686,1.9232405909362862,0.3509361209397872,0.3567814797191661,False
313,950.1962751824406,371.0142711608343,0,186,dead_only,27,0.0,6.857055539553084,S7,46,34.0,0.7391304347826086,2,0.3765832724685616,0.37137130128634743,1.4782608695652169,11489,0.26779808529155785,1.962727738641959,0.4693704278691223,0.46689404398999357,False
314,955.8523706971137,26.49189115643658,0,187,dead_only,43,0.0,10.322805031164885,S7,67,17.0,0.2537313432835821,1,0.40778710977509514,0.32587330288839833,1.2686567164179106,6266,0.8066060315940642,0.6222152127945421,1.0,0.9696743989921421,False
315,956.8799564809016,693.2692321592986,0,189,dead_only,39,0.0,15.883551875179974,S7,58,0.0,0.0,0,0.3464182381200832,0.318272640628062,1.1724137931034488,10178,1.0,0.0,1.0,1.0,False
316,961.450779525922,479.84890203897,0,190,dead_only,20,0.0,5.102715826435359,S7,38,0.0,0.0,0,0.3538646616541353,0.43606764169570916,1.7894736842105259,10500,1.0,0.0,1.0,1.0,False
317,965.05573887474,254.4435983106731,0,191,dead_only,32,0.0,19.435354867924765,S7,52,17.0,0.3269230769230769,1,0.4010627279858049,0.37647411714948914,1.557692307692307,10101,0.6918431993664621,0.8151420067502457,0.880343894752312,0.862333032336573,False
318,974.9063587092307,267.6504574859589,0,193,dead_only,21,0.0,4.913066789867731,S7,39,17.0,0.4358974358974359,1,0.3930818611912006,0.4270906735482798,1.7435897435897432,9658,0.5830831349000932,1.108922794291465,0.7918940586025349,0.7829301771037542,False
319,973.6310631569598,829.1132484008104,0,195,dead_only,15,0.0,5.795660412689834,S7,29,0.0,0.0,0,0.3211260121198909,0.44902699613092617,1.7586206896551724,10123,1.0,0.0,1.0,1.0,False
320,977.1670309106252,18.530612441038727,0,197,dead_only,29,0.0,7.79014212100732,S7,49,17.0,0.3469387755102041,1,0.4213678672602185,0.4117397728314667,1.7346938775510203,5295,0.6858006042296072,0.8233631524065639,0.8772422228432337,0.8585398541671398,False
321,976.122363456776,67.9854484218894,0,198,dead_only,14,0.0,4.761751563709059,S7,29,0.0,0.0,0,0.4376597899448304,0.5558768676498251,2.344827586206896,9738,1.0,0.0,1.0,1.0,False
322,982.1008424285357,849.3978322754185,0,199,dead_only,35,0.0,28.44165565490036,S7,56,17.0,0.30357142857142855,1,0.28316184317410764,0.2957608054872599,1.2142857142857142,8969,0.6148272017837235,1.0720774563710256,0.8187175366668269,0.7997556960702341,False
323,985.2629422691653,667.781641827706,0,200,dead_only,36,0.0,19.19015784515146,S7,57,51.0,0.8947368421052632,3,0.3844592676128434,0.3806273048622671,1.4912280701754386,8774,0.12683760683760684,2.3272604342738266,0.25781481715806964,0.2643583341297907,False
324,984.4277655507368,960.51026990267,0,201,dead_only,27,0.0,5.998704890293485,S7,45,34.0,0.7555555555555555,2,0.29203124999999996,0.3452304129516976,1.4222222222222218,8960,0.17375292936056244,2.5872421378039356,0.33189624356502134,0.3383609677021479,False
325,986.4465557341384,33.81885356926223,0,202,dead_only,30,0.0,20.33987168959281,S7,50,50.0,1.0,2,0.4502296173044925,0.43674842881180714,2.0399999999999996,6010,0.14772916320079854,2.221088887903381,0.2894331188390268,0.2963482611196742,False
326,994.295058571674,190.1134395826231,0,204,dead_only,27,0.0,6.812512970669375,S7,47,17.0,0.3617021276595745,1,0.4744393059960279,0.40300908741562635,1.4468085106382984,7467,0.7395554365291912,0.762378081007063,0.9285608917505914,0.9020950929092332,False
327,994.9938636371796,719.3363447891679,0,205,dead_only,22,0.0,9.196497029780826,S7,36,34.0,0.9444444444444444,2,0.39187898089171974,0.44551459932072013,1.8888888888888882,7850,0.1927143039103299,2.410041085376315,0.3599394687744152,0.3649268896571055,False
328,999.6929810339634,295.5779206587257,0,206,dead_only,25,0.0,5.356652564110502,S7,44,34.0,0.7727272727272727,2,0.3656396306014303,0.3844977534835346,1.5454545454545452,7068,0.24939878342056868,2.1133575467632855,0.4461658235813484,0.44891781015702364,False
329,1006.0066124597976,554.2411317363259,0,208,dead_only,21,0.0,7.7681365339713615,S7,38,34.0,0.8947368421052632,2,0.432275868191705,0.48572550275037424,2.1315789473684212,7114,0.23499648629655656,2.0698283386674428,0.42449922385325045,0.42761655703143897,False
330,1007.2112125727056,316.75918585967094,0,209,dead_only,19,0.0,9.673012179746252,S7,34,34.0,1.0,2,0.3661399202209267,0.44396716775768624,1.5,6518,0.17165209387942937,2.731196312591661,0.32933841088997023,0.3362361603638234,False
331,1006.7001679846286,897.2919107062172,0,210,dead_only,25,0.0,7.443356642299335,S7,43,17.0,0.3953488372093023,1,0.2909492397137746,0.3512376100194562,1.186046511627907,6656,0.5119423163587201,1.3588240945335766,0.739408891221893,0.7316600487015185,False
332,1012.2069843404724,496.3956738748443,0,211,dead_only,32,0.0,18.95807911679242,S7,52,17.0,0.3269230769230769,1,0.3594029029096231,0.39211848686180917,1.8846153846153846,5729,0.6413612565445026,0.9096283704900577,0.8411098222580363,0.8182730957255672,False
333,1014.600342458287,564.7385825388818,0,213,dead_only,22,0.0,10.87021670280799,S7,41,17.0,0.4146341463414634,1,0.42590707213787204,0.5035016838344003,2.073170731707317,6612,0.6175714501738999,0.9735319591200414,0.8215283803851776,0.8001995832992556,False
